DateofbirthAge,Placeofbirth,Height,Citizenship,Position,Foot,Playeragent,Currentclub,Joined,Contractexpires,SocialMedia,tm_url,Nameinhomecountry,Outfitter,Contractoption,Lastcontractextension,Fullname,Onloanfrom,Contractthereexpires,2ndclub,3ndclub,Dateofdeath
11.03.1998 (27),Gonesse,"1,91 m",France DR Congo,Defender - Centre-Back,right,Relatives,Chelsea FC,04.08.2023,30.06.2029,,https://www.transfermarkt.com/axel-disasi/profil/spieler/386047,NA,NA,NA,NA,NA,NA,NA,NA,NA,NA
24.09.1997 (27),London,"1,97 m",England Nigeria,Defender - Centre-Back,right,WNRS,Chelsea FC,01.07.2024,30.06.2028,,https://www.transfermarkt.com/tosin-adarabioyo/profil/spieler/258878,Abdul-Nasir Oluwatosin Oluwadoyinsolami Adarabioyo,Nike,NA,NA,NA,NA,NA,NA,NA,NA
29.04.2005 (20),Bernardo Larroudé,"1,86 m",Argentina,Defender - Centre-Back,right,ML Sports,Chelsea FC,08.08.2024,30.06.2031,,https://www.transfermarkt.com/aaron-anselmino/profil/spieler/1145504,NA,NA,NA,NA,NA,NA,NA,NA,NA,NA
02.09.2005 (19),Bristol,NA,England,Defender - Centre-Back,right,Roc Nation Sports,Chelsea FC U21,01.07.2024,30.06.2026,NA,https://www.transfermarkt.com/kaiden-wilson/profil/spieler/936841,NA,NA,club option 1 year,20.05.2024,NA,NA,NA,NA,NA,NA
05.06.2006 (19),Manchester,"1,86 m",England Jamaica,Defender - Left-Back,left,FullNinety,RC Strasbourg Alsace,30.07.2025,30.06.2030,,https://www.transfermarkt.com/ishe-samuels-smith/profil/spieler/922698,Ishe Barrington Samuels-Smith,NA,NA,NA,NA,NA,NA,NA,NA,NA
19.05.2003 (22),Décines-Charpieu,"1,78 m",France Martinique,Defender - Right-Back,right,Wasserman,Chelsea FC,29.01.2023,30.06.2030,,https://www.transfermarkt.com/malo-gusto/profil/spieler/620322,NA,adidas,NA,NA,NA,NA,NA,NA,NA,NA
05.05.2006 (19),London,"1,85 m",England Ghana,Defender - Right-Back,right,NA,Chelsea FC,18.12.2024,30.06.2029,NA,https://www.transfermarkt.com/josh-acheampong/profil/spieler/1004708,Joshua Kofi Acheampong,NA,NA,18.12.2024,NA,NA,NA,NA,NA,NA
09.09.2004 (20),London,"1,73 m",England Nigeria,Defender - Right-Back,right,NA,Chelsea FC U21,01.07.2023,30.06.2026,,https://www.transfermarkt.com/richard-olise/profil/spieler/868920,NA,NA,Option for a further year,21.05.2024,NA,NA,NA,NA,NA,NA
27.03.2005 (20),London,NA,England Ghana,Midfield - Defensive Midfield,NA,1Seven Sports ...,Chelsea FC U21,01.07.2023,30.06.2026,,https://www.transfermarkt.com/sam-rak-sakyi/profil/spieler/906214,Samuel Rak-Sakyi,NA,NA,05.06.2024,NA,NA,NA,NA,NA,NA
17.01.2001 (24),San Martín,"1,78 m",Argentina,Midfield - Central Midfield,right,DE 9 FÚTBOL,Chelsea FC,31.01.2023,30.06.2032,,https://www.transfermarkt.com/enzo-fernandez/profil/spieler/648195,Enzo Jeremías Fernández,Nike,NA,NA,NA,NA,NA,NA,NA,NA
06.09.1998 (26),Shepshed,"1,76 m",England Ireland,Midfield - Central Midfield,left,Wasserman,Everton FC,06.08.2025,30.06.2030,,https://www.transfermarkt.com/kiernan-dewsbury-hall/profil/spieler/475188,Kiernan Frank Dewsbury-Hall,NA,NA,NA,NA,NA,NA,NA,NA,NA
18.01.2006 (19),Le Blanc-Mesnil,"1,77 m",France Cameroon,Midfield - Central Midfield,right,Classico,RC Strasbourg Alsace,12.07.2025,30.06.2030,,https://www.transfermarkt.com/mathis-amougou/profil/spieler/1010854,NA,NA,NA,NA,NA,NA,NA,NA,NA,NA
06.05.2002 (23),Manchester,"1,85 m",England St. Kitts & Nevis,Midfield - Attacking Midfield,left,CAA Base Ltd,Chelsea FC,01.09.2023,30.06.2033,,https://www.transfermarkt.com/cole-palmer/profil/spieler/568177,Cole Jermaine Palmer,Nike,NA,13.08.2024,NA,NA,NA,NA,NA,NA
20.12.1991 (33),Imbituba,"1,80 m",Italy Brazil,Midfield - Defensive Midfield,right,Brezilya Agency,CR Flamengo,06.06.2025,30.06.2028,,https://www.transfermarkt.com/jorginho/profil/spieler/102017,NA,Puma,NA,NA,Jorge Luiz Frello Filho,NA,NA,NA,NA,NA
01.10.2004 (20),London,"1,81 m",England,Midfield - Central Midfield,right,Elite Project Group ...,Moreirense FC,06.08.2025,30.06.2028,NA,https://www.transfermarkt.com/jimi-gower/profil/spieler/890718,NA,Skechers,NA,NA,NA,NA,NA,NA,NA,NA
17.12.1998 (26),Drammen,"1,78 m",Norway,Midfield - Attacking Midfield,left,Nordic Sky,Arsenal FC,20.08.2021,30.06.2028,,https://www.transfermarkt.com/martin-odegaard/profil/spieler/316264,Martin Ødegaard,Nike,NA,22.09.2023,NA,NA,NA,NA,NA,NA
04.01.2003 (22),London,"1,77 m",England,Attack - Centre-Forward,right,NA,FC Lausanne-Sport,02.07.2025,30.06.2028,,https://www.transfermarkt.com/nathan-butler-oyedeji/profil/spieler/638964,Nathan Jerome Chatoyer Butler-Oyedeji,NA,NA,NA,NA,NA,NA,NA,NA,NA
23.07.2001 (24),Příbram,"1,90 m",Czech Republic,Goalkeeper,right,SPORT INVEST,Ajax Amsterdam,01.07.2025,30.06.2026,NA,https://www.transfermarkt.com/vitezslav-jaros/profil/spieler/486604,Vítězslav Jaroš,NA,NA,NA,NA,Liverpool FC,-,NA,NA,NA
03.09.2003 (21),Liverpool,"1,90 m",England,Goalkeeper,left,Unique Sports Group,Crawley Town,01.07.2025,31.05.2026,,https://www.transfermarkt.com/harvey-davies/profil/spieler/706815,Harvey Peter Davies,NA,NA,NA,NA,Liverpool FC,-,NA,NA,NA
25.05.1999 (26),Paris,"1,94 m",France Mali,Defender - Centre-Back,right,CAA Stellar,Liverpool FC,01.07.2021,30.06.2026,,https://www.transfermarkt.com/ibrahima-konate/profil/spieler/357119,NA,Nike,NA,NA,NA,NA,NA,NA,NA,NA
08.07.1991 (34),Breda,"1,95 m",Netherlands Suriname,Defender - Centre-Back,right,ROOF,Liverpool FC,01.01.2018,30.06.2027,,https://www.transfermarkt.com/virgil-van-dijk/profil/spieler/139208,NA,Nike,NA,17.04.2025,NA,NA,NA,NA,NA,NA
12.05.1996 (29),Thessaloniki,"1,79 m",Greece,Defender - Left-Back,left,Prosport ...,Liverpool FC,10.08.2020,30.06.2027,,https://www.transfermarkt.com/konstantinos-tsimikas/profil/spieler/338070,Κωνσταντίνος Τσιμίκας,adidas,NA,25.09.2023,NA,NA,NA,NA,NA,NA
29.08.2008 (16),London,"1,70 m",England Nigeria,Attack - Left Winger,right,NA,Liverpool FC U21,01.07.2025,30.06.2026,,https://www.transfermarkt.com/rio-ngumoha/profil/spieler/1108466,Rio Bass Ray Ngumoha Adigun,NA,NA,NA,NA,NA,NA,Liverpool FC (#73),Liverpool FC UEFA U19,NA
15.06.1992 (33),"Nagrig, Basyoun","1,75 m",Egypt,Attack - Right Winger,left,NA,Liverpool FC,01.07.2017,30.06.2027,,https://www.transfermarkt.com/mohamed-salah/profil/spieler/148455,Mohamed Salah Hamed Ghaly محمد صلاح,adidas,NA,11.04.2025,NA,NA,NA,NA,NA,NA
04.12.1996,Porto,"1,78 m",Portugal,Attack - Centre-Forward,right,NA,---,NA,NA,,https://www.transfermarkt.com/diogo-jota/profil/spieler/340950,NA,adidas,NA,NA,Diogo José Teixeira da Silva,NA,NA,NA,NA,03.07.2025 (28)
07.10.1996 (28),Udine,"1,94 m",Italy,Goalkeeper,right,GG11,Tottenham Hotspur,01.07.2023,30.06.2028,,https://www.transfermarkt.com/guglielmo-vicario/profil/spieler/286047,NA,NA,NA,NA,NA,NA,NA,NA,NA,NA
20.04.2005 (20),London,NA,England,Defender - Centre-Back,NA,CAA Stellar,Aberdeen FC,19.07.2025,30.06.2026,,https://www.transfermarkt.com/alfie-dorrington/profil/spieler/796300,NA,NA,NA,NA,NA,Tottenham Hotspur U21,30.06.2029,NA,NA,NA
09.08.2000 (25),London,"1,84 m",England Jamaica,Defender - Left-Back,right,CAA Base Ltd,Tottenham Hotspur,19.07.2022,30.06.2029,,https://www.transfermarkt.com/djed-spence/profil/spieler/483348,Diop Tehuti Djed-Hotep Spence,NA,Option for a further year,18.08.2025,NA,NA,NA,NA,NA,NA
14.09.2002 (22),Thiaroye,"1,84 m",Senegal,Midfield - Central Midfield,right,CAA Base Ltd,Tottenham Hotspur,27.08.2021,30.06.2030,,https://www.transfermarkt.com/pape-matar-sarr/profil/spieler/568693,NA,NA,NA,02.01.2024,NA,NA,NA,NA,NA,NA
11.03.2007 (18),London,NA,England Nigeria,Midfield - Central Midfield,right,Truth Sports,Tottenham Hotspur U21,01.07.2024,30.06.2029,NA,https://www.transfermarkt.com/callum-olusesi/profil/spieler/985546,Callum William Olusesi,Nike,NA,02.04.2025,NA,NA,NA,NA,NA,NA
25.04.2000 (25),Stockholm,"1,86 m",Sweden North Macedonia,Midfield - Attacking Midfield,left,World Soccer Agency,Tottenham Hotspur,01.07.2023,30.06.2028,,https://www.transfermarkt.com/dejan-kulusevski/profil/spieler/431755,Дејан Кулушевски,NA,NA,NA,NA,NA,NA,NA,NA,NA
01.10.2008 (16),Luton,"1,75 m",England,Midfield - Attacking Midfield,both,Agent is known - Player under 18,Tottenham Hotspur U18,01.07.2024,30.06.2027,NA,https://www.transfermarkt.com/luca-williams-barnett/profil/spieler/1108475,Luca Jamie Williams-Barnett,Nike,NA,11.07.2025,NA,NA,NA,NA,NA,NA
06.03.1996 (29),Stuttgart,"1,80 m",Germany,Attack - Left Winger,right,Sports360 GmbH,RB Leipzig,09.08.2022,30.06.2026,,https://www.transfermarkt.com/timo-werner/profil/spieler/170527,NA,adidas,NA,NA,NA,NA,NA,NA,NA,NA
28.11.2004 (20),Meaux,"1,82 m",France Martinique,Attack - Left Winger,right,NA,Tottenham Hotspur,16.08.2024,30.06.2029,,https://www.transfermarkt.com/wilson-odobert/profil/spieler/743498,Wilson Serge Eric Odobert,adidas,NA,NA,NA,NA,NA,NA,NA,NA
10.05.1997 (28),Nova Venécia,"1,84 m",Brazil,Attack - Centre-Forward,right,CAA Base Ltd,Tottenham Hotspur,01.07.2022,30.06.2027,,https://www.transfermarkt.com/richarlison/profil/spieler/378710,NA,Nike,NA,NA,Richarlison de Andrade,NA,NA,NA,NA,NA
24.03.2004 (21),London,"1,80 m",England Jamaica,Attack - Centre-Forward,right,CAA Base Ltd,Tottenham Hotspur,01.07.2023,30.06.2027,,https://www.transfermarkt.com/dane-scarlett/profil/spieler/670883,Dane Pharrell Scarlett,Nike,NA,31.08.2023,NA,NA,NA,NA,NA,NA
05.01.2004 (21),Rotterdam,"1,85 m",Netherlands Suriname,Defender - Centre-Back,right,Wasserman,Aston Villa,01.07.2024,-,,https://www.transfermarkt.com/lamare-bogarde/profil/spieler/645686,Lamare Trenton Chansey Bogarde,adidas,NA,07.04.2025,NA,NA,NA,NA,NA,NA
16.12.2005 (19),Smederevo,"1,84 m",Serbia,Defender - Right-Back,right,Friends & Football ...,RB Leipzig,03.02.2025,30.06.2026,,https://www.transfermarkt.com/kosta-nedeljkovic/profil/spieler/848682,Коста Недељковић,Puma,NA,14.07.2025,NA,Aston Villa,30.06.2029,NA,NA,NA
21.01.1996 (29),Palma de Mallorca,"1,82 m",Spain Netherlands,Midfield - Attacking Midfield,left,Gestifute,Paris Saint-Germain,06.07.2023,30.06.2026,,https://www.transfermarkt.com/marco-asensio/profil/spieler/296622,Marco Asensio Willemsen,adidas,NA,NA,NA,NA,NA,NA,NA,NA
31.10.1997 (27),Manchester,"1,85 m",England St. Kitts & Nevis,Attack - Left Winger,right,Relatives,FC Barcelona,23.07.2025,30.06.2026,,https://www.transfermarkt.com/marcus-rashford/profil/spieler/258923,NA,Nike,Option to buy,NA,NA,Manchester United,30.06.2028,NA,NA,NA
09.08.1997 (28),Kingston,"1,78 m",Jamaica,Attack - Right Winger,left,Phoenix Sports ...,AS Roma,20.08.2025,30.06.2026,,https://www.transfermarkt.com/leon-bailey/profil/spieler/387626,Leon Patrick Bailey Butler,Nike,Option to buy,NA,NA,Aston Villa,30.06.2027,NA,NA,NA
30.12.1995 (29),Torquay,"1,80 m",England,Attack - Centre-Forward,right,Two Touch Agency,Aston Villa,09.09.2020,30.06.2028,,https://www.transfermarkt.com/ollie-watkins/profil/spieler/324358,Oliver George Arthur Watkins,Under Armour,NA,06.10.2023,NA,NA,NA,NA,NA,NA
13.12.2003 (21),Medellín,"1,85 m",Colombia,Attack - Centre-Forward,left,JHSEVENSPORTSCOMPANY...,Fenerbahce,06.07.2025,30.06.2026,,https://www.transfermarkt.com/jhon-duran/profil/spieler/649317,Jhon Jader Durán Palacio,NA,NA,NA,NA,Al-Nassr FC,30.06.2030,NA,NA,NA
06.10.1998 (26),Bristol,"1,89 m",England Jamaica,Defender - Centre-Back,left,CSM,Juventus FC,01.07.2025,30.06.2029,,https://www.transfermarkt.com/lloyd-kelly/profil/spieler/480116,Lloyd Casius Kelly,NA,NA,NA,NA,NA,NA,NA,NA,NA
20.12.1991 (33),Wil,"1,86 m",Switzerland,Defender - Centre-Back,right,Sports360 GmbH,Newcastle United,26.07.2018,30.06.2026,,https://www.transfermarkt.com/fabian-schar/profil/spieler/135343,Fabian Lukas Schär,Puma,NA,03.04.2025,NA,NA,NA,NA,NA,NA
08.09.2004 (20),Slough,"1,79 m",England,Defender - Left-Back,left,Wasserman,Newcastle United,01.07.2024,-,,https://www.transfermarkt.com/lewis-hall/profil/spieler/670858,Lewis Kieran Hall,Under Armour,NA,NA,NA,NA,NA,NA,NA,NA
14.08.1996 (29),Aliança,"1,86 m",Brazil,Midfield - Central Midfield,right,ROGON,Newcastle United,23.07.2019,30.06.2028,,https://www.transfermarkt.com/joelinton/profil/spieler/333241,NA,NA,NA,11.04.2024,Joelinton Cassio Apolinário de Lira,NA,NA,NA,NA,NA
01.10.2002 (22),Carlisle,"1,86 m",England,Midfield - Attacking Midfield,left,Wasserman,Leyton Orient,29.07.2025,31.05.2026,,https://www.transfermarkt.com/joe-white/profil/spieler/614811,Joe Peter White,adidas,NA,NA,NA,Newcastle United,30.06.2027,NA,NA,NA
04.08.2003 (22),Aarhus,"1,91 m",Denmark England,Attack - Centre-Forward,right,CAA Stellar,Newcastle United,08.08.2024,30.06.2029,,https://www.transfermarkt.com/william-osula/profil/spieler/609556,William Idamudia Daugaard Osula,NA,NA,NA,NA,NA,NA,NA,NA,NA
12.10.1997 (27),Belgrade,"1,95 m",Serbia,Defender - Centre-Back,right,LIAN Sports Group,Nottingham Forest,18.07.2024,30.06.2029,,https://www.transfermarkt.com/nikola-milenkovic/profil/spieler/413507,Никола Миленковић,Puma,NA,NA,NA,NA,NA,NA,NA,NA
08.06.1993 (32),Vilafranca Del Penedès,"1,79 m",Spain,Defender - Left-Back,left,Gol International,Girona FC,22.08.2025,30.06.2027,,https://www.transfermarkt.com/alex-moreno/profil/spieler/193098,Alexandre Moreno Lopera,NA,NA,NA,NA,NA,NA,NA,NA,NA
13.04.2001 (24),Wrexham,"1,83 m",Wales,Defender - Left-Back,right,Unique Sports Group,Nottingham Forest,10.07.2022,30.06.2029,,https://www.transfermarkt.com/neco-williams/profil/spieler/503680,Neco Shay Williams,Puma,NA,01.07.2025,NA,NA,NA,NA,NA,NA
03.05.2006 (19),Hamburg,"1,85 m",Germany Portugal,Defender - Right-Back,right,Gestifute,Nottingham Forest,01.07.2024,30.06.2028,,https://www.transfermarkt.com/eric-da-silva-moreira/profil/spieler/897481,Eric Emanuel da Silva Moreira,Puma,NA,NA,NA,NA,NA,NA,NA,NA
21.11.1997 (27),Nottingham,"1,90 m",England,Midfield - Central Midfield,right,CAA Base Ltd,Nottingham Forest,01.07.2016,30.06.2028,,https://www.transfermarkt.com/ryan-yates/profil/spieler/425902,Ryan James Yates,NA,NA,25.07.2024,NA,NA,NA,NA,NA,NA
07.12.1991 (33),Auckland,"1,91 m",New Zealand,Attack - Centre-Forward,right,CAA Base Ltd,Nottingham Forest,01.07.2023,30.06.2027,,https://www.transfermarkt.com/chris-wood/profil/spieler/108725,Christopher Grant Wood,NA,NA,23.01.2025,NA,NA,NA,NA,NA,NA
15.11.1997 (27),Abuja,"1,75 m",Nigeria,Attack - Centre-Forward,right,HCM Sports ...,Nottingham Forest,13.08.2022,30.06.2026,,https://www.transfermarkt.com/emmanuel-dennis/profil/spieler/448854,Emmanuel Bonaventure Dennis,NA,NA,NA,NA,NA,NA,NA,NA,NA
30.01.2002 (23),Stockport,"1,88 m",England,Defender - Centre-Back,right,Unique Sports Group,Southampton FC,01.07.2024,30.06.2028,,https://www.transfermarkt.com/taylor-harwood-bellis/profil/spieler/503977,Taylor Jay Harwood-Bellis,NA,NA,NA,NA,NA,NA,NA,NA,NA
12.04.1996 (29),Słupca,"1,89 m",Poland,Defender - Centre-Back,right,Fabryka Futbolu,FC Porto,28.07.2025,30.06.2029,,https://www.transfermarkt.com/jan-bednarek/profil/spieler/243028,Jan Kacper Bednarek,adidas,NA,NA,NA,NA,NA,NA,NA,NA
18.09.1993 (31),York,"1,83 m",England,Defender - Left-Back,left,InterLex Sport,Southampton FC,01.07.2024,30.06.2026,NA,https://www.transfermarkt.com/charlie-taylor/profil/spieler/195633,Charles James Taylor,NA,NA,NA,NA,NA,NA,NA,NA,NA
11.05.2005 (20),Cork,NA,Ireland,Midfield - Central Midfield,NA,Integral Sports ...,Southampton FC U21,12.01.2024,30.06.2027,NA,https://www.transfermarkt.com/joe-obrien-whitmarsh/profil/spieler/741228,Joseph Paul O'Brien-Whitmarsh,NA,NA,NA,NA,NA,NA,NA,NA,NA
10.05.1988 (37),St Albans,"1,72 m",England,Midfield - Attacking Midfield,both,CAA Stellar,Retired,01.07.2025,-,,https://www.transfermarkt.com/adam-lallana/profil/spieler/43530,Adam David Lallana,Puma,NA,NA,NA,NA,NA,NA,NA,NA
15.02.2002 (23),Techiman,"1,75 m",Ghana,Attack - Left Winger,right,Relatives,Atalanta BC,02.07.2025,30.06.2029,,https://www.transfermarkt.com/kamaldeen-sulemana/profil/spieler/746695,NA,NA,Option for a further year,NA,NA,NA,NA,NA,NA,NA
15.03.2007 (18),London,"1,76 m",England,Attack - Left Winger,NA,CAA Stellar,Southampton FC,01.07.2025,30.06.2029,NA,https://www.transfermarkt.com/jay-robinson/profil/spieler/1045124,Jay Steven Robinson,NA,NA,17.04.2025,NA,NA,NA,NA,NA,NA
18.07.2006 (19),London,"1,74 m",England Ghana,Attack - Right Winger,left,Two Touch Agency,RC Strasbourg Alsace,01.07.2025,30.06.2029,,https://www.transfermarkt.com/samuel-amo-ameyaw/profil/spieler/933900,Samuel Christian Osaze Amo-Ameyaw,NA,NA,NA,NA,NA,NA,NA,NA,NA
22.03.1997 (28),Colina,"1,87 m",Italy Brazil,Defender - Centre-Back,right,AIS Football,Rayo Vallecano,07.07.2025,30.06.2026,,https://www.transfermarkt.com/luiz-felipe/profil/spieler/457931,NA,adidas,NA,NA,Luiz Felipe Ramos Marchi,NA,NA,NA,NA,NA
25.11.1997 (27),"Ajax, Ontario","1,87 m",Canada Jamaica,Defender - Centre-Back,left,Axia Sports ...,Olympique Marseille,04.08.2024,30.06.2028,,https://www.transfermarkt.com/derek-cornelius/profil/spieler/328609,Derek Austin Cornelius,NA,NA,NA,NA,NA,NA,NA,NA,NA
13.08.1997 (28),Mollet del Vallès,"1,83 m",Spain,Defender - Right-Back,right,Universal Twenty Two,Olympique Marseille,23.08.2021,30.06.2026,,https://www.transfermarkt.com/pol-lirola/profil/spieler/298975,Pol Mikel Lirola Kosok,Nike,NA,NA,NA,NA,NA,NA,NA,NA
30.04.2003 (22),London,"1,73 m",England Jamaica,Attack - Left Winger,right,Unique Sports Group,Bologna FC 1909,24.08.2025,30.06.2029,,https://www.transfermarkt.com/jonathan-rowe/profil/spieler/672381,Jonathan David Henry Rowe,NA,NA,NA,NA,NA,NA,NA,NA,NA
01.10.2001 (23),Bradford,"1,81 m",England,Attack - Right Winger,both,Relatives,Olympique Marseille,18.07.2024,30.06.2029,,https://www.transfermarkt.com/mason-greenwood/profil/spieler/532826,Mason Will John Greenwood,NA,NA,NA,NA,NA,NA,NA,NA,NA
05.04.2006 (19),Marseille,"1,85 m",France Mayotte,Attack - Right Winger,left,AS1,Olympique de Marseille B,01.07.2024,30.06.2028,NA,https://www.transfermarkt.com/keyliane-abdallah/profil/spieler/1183719,Keyliane Hikram Abdallah,NA,NA,21.02.2025,NA,NA,NA,Olympique Marseille (#48),NA,NA
06.11.2001 (23),Calais,"1,89 m",France,Goalkeeper,right,Beckster Int.,Paris Saint-Germain,09.08.2025,30.06.2030,,https://www.transfermarkt.com/lucas-chevalier/profil/spieler/463600,NA,adidas,NA,NA,NA,NA,NA,NA,NA,NA
21.07.2005 (20),Ajaccio,"1,90 m",France,Goalkeeper,right,NA,SC Bastia,02.07.2025,30.06.2026,NA,https://www.transfermarkt.com/lisandru-olmeta/profil/spieler/810789,NA,Uhlsport,NA,NA,NA,LOSC Lille,30.06.2028,NA,NA,NA
20.06.2000 (25),Purmerend,"1,89 m",Netherlands,Defender - Left-Back,left,Team Raiola,Atalanta BC,07.07.2023,30.06.2027,,https://www.transfermarkt.com/mitchel-bakker/profil/spieler/361065,NA,NA,NA,NA,NA,NA,NA,NA,NA,NA
23.07.2002 (23),Lisboa,"1,75 m",Portugal,Defender - Right-Back,right,Gestifute,LOSC Lille,05.07.2023,30.06.2029,,https://www.transfermarkt.com/tiago-santos/profil/spieler/816580,Tiago Carvalho Santos,NA,NA,29.10.2024,NA,NA,NA,NA,NA,NA
28.04.2005 (20),Tourcoing,"1,70 m",France,Defender - Right-Back,right,NA,LOSC Lille B,01.07.2024,30.06.2026,,https://www.transfermarkt.com/morgan-costarelli/profil/spieler/1119911,NA,NA,NA,23.07.2025,NA,NA,NA,NA,NA,NA
29.12.2006 (18),Montreuil,"1,80 m",France Cameroon,Midfield - Central Midfield,left,NA,LOSC Lille,04.07.2024,30.06.2027,,https://www.transfermarkt.com/ethan-mbappe/profil/spieler/903666,Ethan Mbappé Lottin,Nike,NA,NA,NA,NA,NA,NA,NA,NA
17.09.1996 (28),Šibenik,"1,93 m",Croatia,Defender - Centre-Back,right,ROOF,Real Sociedad,01.08.2025,30.06.2026,,https://www.transfermarkt.com/duje-caleta-car/profil/spieler/238266,Duje Ćaleta-Car,NA,Option to buy,NA,NA,Olympique Lyon,30.06.2027,NA,NA,NA
07.11.1992 (32),Verviers,"1,80 m",Angola Belgium,Defender - Centre-Back,right,Trois Akademie,Olympique Lyon,06.07.2023,30.06.2028,,https://www.transfermarkt.com/clinton-mata/profil/spieler/187718,Clinton Mukoni Mata Pedro Lourenço,NA,NA,13.08.2025,NA,NA,NA,NA,NA,NA
30.09.2004 (20),Viriat,"1,85 m",Croatia France,Defender - Right-Back,right,AS1,Olympique Lyon B,01.07.2022,30.06.2028,NA,https://www.transfermarkt.com/teo-barisic/profil/spieler/979773,NA,NA,NA,07.07.2025,NA,NA,NA,NA,NA,NA
17.02.2005 (20),Longjumeau,"1,87 m",France Mali,Midfield - Central Midfield,left,NA,Olympique Lyon,01.07.2023,30.06.2028,,https://www.transfermarkt.com/mahamadou-diawara/profil/spieler/1053147,NA,adidas,NA,12.06.2024,NA,NA,NA,NA,NA,NA
04.03.1993 (32),Malestroit,"1,88 m",France,Goalkeeper,right,SVF FOOT,OGC Nice,28.01.2024,30.06.2026,,https://www.transfermarkt.com/maxime-dupe/profil/spieler/127188,NA,NA,NA,NA,NA,NA,NA,NA,NA,NA
01.02.1999 (26),Zagazig,"1,83 m",Egypt,Defender - Centre-Back,right,NA,OGC Nice,29.08.2024,30.06.2028,,https://www.transfermarkt.com/mohamed-abdelmonem/profil/spieler/566025,محمد عبد المنعم,NA,NA,NA,NA,NA,NA,NA,NA,NA
18.10.1983 (41),Salvador da Bahia,"1,88 m",Brazil,Defender - Centre-Back,left,Marcus Marin,OGC Nice,23.08.2016,30.06.2026,,https://www.transfermarkt.com/dante/profil/spieler/16136,NA,Puma,NA,13.02.2025,Dante Bonfim Costa Santos,NA,NA,NA,NA,NA
27.05.2004 (21),Marseille,"1,87 m",Senegal France,Defender - Right-Back,right,Wasserman,OGC Nice,01.07.2022,30.06.2028,NA,https://www.transfermarkt.com/antoine-mendy/profil/spieler/891998,Antoine Alpha Mendy,NA,NA,26.08.2024,NA,NA,NA,NA,NA,NA
18.11.2008 (16),Pontoise,"1,73 m",France Mali,Midfield - Central Midfield,right,NA,OGC Nice,01.07.2025,-,NA,https://www.transfermarkt.com/djibril-coulibaly/profil/spieler/1208968,NA,NA,NA,NA,NA,NA,NA,NA,NA,NA
03.01.1997 (28),Marseille,"1,72 m",Cote d'Ivoire France,Attack - Left Winger,right,Sport Cover,OGC Nice,25.07.2023,30.06.2027,,https://www.transfermarkt.com/jeremie-boga/profil/spieler/216569,NA,NA,NA,NA,NA,NA,NA,NA,NA,NA
09.06.2000 (25),Tours,"1,75 m",Morocco France,Attack - Left Winger,right,no agent,OGC Nice,29.08.2022,30.06.2027,,https://www.transfermarkt.com/sofiane-diop/profil/spieler/569389,سفيان داودا ديوب,adidas,NA,NA,NA,NA,NA,NA,NA,NA
16.12.1997 (27),Madrid,"1,75 m",Spain Equatorial Guinea,Defender - Left-Back,left,AS1,Stade Reims,01.02.2024,30.06.2028,,https://www.transfermarkt.com/sergio-akieme/profil/spieler/355627,Sergio Akieme Rodríguez,NA,NA,NA,NA,NA,NA,NA,NA,NA
27.02.2006 (19),Creil,"1,78 m",France Congo,Defender - Left-Back,left,One Team Football,Paris FC,01.07.2025,30.06.2030,,https://www.transfermarkt.com/nhoa-sangui/profil/spieler/955281,Nhoa Ryan Sangui,NA,NA,NA,NA,NA,NA,NA,NA,NA
02.12.2003 (21),Épernay,"1,80 m",France,Midfield - Central Midfield,right,NA,ESTAC Troyes,30.08.2024,30.06.2027,,https://www.transfermarkt.com/martin-adeline/profil/spieler/814976,Martin Gabriel Belaïd Adeline,adidas,NA,NA,NA,NA,NA,NA,NA,NA
17.08.2002 (23),Preston,"1,90 m",England,Defender - Centre-Back,right,Blue Sky Sports,FC Toulouse,08.07.2024,30.06.2028,,https://www.transfermarkt.com/charlie-cresswell/profil/spieler/597659,Charlie Richard Cresswell,NA,NA,NA,NA,NA,NA,NA,NA,NA
05.06.2005 (20),Toulouse,"1,79 m",France Algeria,Defender - Left-Back,left,VV Consulting,Stade Lavallois,26.08.2025,30.06.2026,,https://www.transfermarkt.com/ylies-aradj/profil/spieler/923758,NA,adidas,NA,NA,NA,FC Toulouse,30.06.2026,NA,NA,NA
20.01.2000 (25),Caracas,"1,76 m",Venezuela,Midfield - Central Midfield,right,T&C,FC Toulouse,07.07.2023,30.06.2027,,https://www.transfermarkt.com/cristian-casseres-jr-/profil/spieler/467632,Cristian Sleiker Cásseres Yépes,NA,NA,NA,NA,NA,NA,NA,NA,NA
01.03.1998 (27),Kassel,"1,84 m",Germany,Midfield - Central Midfield,both,SEG,FC Toulouse,04.08.2023,30.06.2027,NA,https://www.transfermarkt.com/niklas-schmidt/profil/spieler/275249,Niklas Uwe Schmidt,Nike,NA,NA,NA,NA,NA,NA,NA,NA
20.04.1998 (27),Eidsvoll,"1,78 m",Norway,Midfield - Left Midfield,left,Nordic Sky,FC Toulouse,01.09.2023,30.06.2028,NA,https://www.transfermarkt.com/aron-donnum/profil/spieler/476836,Aron Leonard Bizet Dønnum,NA,NA,NA,NA,NA,NA,NA,NA,NA
15.06.2001 (24),Toulouse,"1,71 m",Burkina Faso France,Attack - Right Winger,left,Scuderia,Grenoble Foot 38,26.08.2024,30.06.2027,NA,https://www.transfermarkt.com/mamady-bangre/profil/spieler/817180,Mamady Alex Bangré,adidas,NA,NA,NA,NA,NA,NA,NA,NA
02.02.2001 (24),Tarbes,"1,85 m",France Martinique,Goalkeeper,right,Kemari,AJ Auxerre,17.03.2021,30.06.2028,NA,https://www.transfermarkt.com/theo-de-percin/profil/spieler/695422,Théo Franck Mathias De Percin,NA,NA,19.02.2025,NA,NA,NA,NA,NA,NA
29.08.2004 (20),Amilly,"1,89 m",Guinea France,Defender - Centre-Back,left,Asfan Sports ...,RWDM Brussels,09.07.2025,30.06.2028,NA,https://www.transfermarkt.com/madiou-keita/profil/spieler/1042600,Haladj Madiou Keita,NA,NA,NA,NA,NA,NA,NA,NA,NA
07.11.1997 (27),Montreuil,"1,82 m",Ghana France,Midfield - Defensive Midfield,right,MASALA FOOTBALL ...,AJ Auxerre,16.01.2023,30.06.2027,,https://www.transfermarkt.com/elisha-owusu/profil/spieler/395695,NA,NA,NA,26.06.2024,NA,NA,NA,NA,NA,NA
13.03.2008 (17),Évry-Courcouronnes,"1,80 m",France Congo,Midfield - Defensive Midfield,left,NA,AJ Auxerre U19,01.07.2024,30.06.2028,NA,https://www.transfermarkt.com/rudy-matondo/profil/spieler/1241211,Rudy Nzingoula Matondo,NA,NA,21.06.2025,NA,NA,NA,AJ Auxerre (#34),NA,NA
25.02.2007 (18),Stains,NA,France,Goalkeeper,NA,Elite 19 sports ...,AC Le Havre U19,01.07.2024,-,NA,https://www.transfermarkt.com/alex-teixeira/profil/spieler/1119876,Kabangu Alex Teixeira,NA,NA,NA,NA,NA,NA,NA,NA,NA
24.10.2008 (16),Créteil,NA,France Cote d'Ivoire,Defender - Centre-Back,right,NA,Le Havre AC,01.07.2025,-,NA,https://www.transfermarkt.com/stephan-zagadou/profil/spieler/1228317,NA,NA,NA,NA,NA,NA,NA,NA,NA,NA
15.01.1991 (34),Paris,"1,81 m",Hungary France,Defender - Right-Back,right,Sport Cover,Le Havre AC,01.07.2023,30.06.2026,NA,https://www.transfermarkt.com/loic-nego/profil/spieler/122840,NA,NA,NA,15.07.2025,NA,NA,NA,NA,NA,NA
03.03.1994 (31),Nantes,"1,88 m",Guinea France,Midfield - Defensive Midfield,right,Relatives,Le Havre AC,26.07.2023,30.06.2026,,https://www.transfermarkt.com/abdoulaye-toure/profil/spieler/181382,NA,NA,NA,NA,NA,NA,NA,NA,NA,NA
11.12.2001 (23),Besançon,"1,79 m",Senegal France,Midfield - Defensive Midfield,right,ND SPORTS MANAGEMENT,Le Havre AC,17.07.2023,30.06.2026,NA,https://www.transfermarkt.com/rassoul-ndiaye/profil/spieler/662242,Rassoul Nader Ndiaye,NA,NA,NA,NA,NA,NA,NA,NA,NA
11.08.2006 (19),Rennes,NA,France DR Congo,Midfield - Defensive Midfield,right,NA,Le Havre AC,01.07.2025,-,NA,https://www.transfermarkt.com/daren-mosengo/profil/spieler/1119880,Daren Nbenbege Mosengo,NA,NA,NA,NA,NA,NA,NA,NA,NA
25.02.2002 (23),Paris,"1,74 m",Morocco France,Midfield - Central Midfield,left,P.P.M.,Le Havre AC,01.07.2022,30.06.2026,NA,https://www.transfermarkt.com/yassine-kechta/profil/spieler/667967,ياسين قشطة,NA,NA,04.08.2023,NA,NA,NA,NA,NA,NA
12.03.2003 (22),Mantes-la-Jolie,"1,89 m",France Guadeloupe,Attack - Left Winger,right,Classico,Parma Calcio 1913,28.08.2024,30.06.2028,,https://www.transfermarkt.com/antoine-joujou/profil/spieler/1028162,NA,NA,NA,NA,NA,NA,NA,NA,NA,NA
20.10.1998 (26),Chauny,"1,76 m",France Guadeloupe,Defender - Left-Back,left,One Team Football,Montpellier HSC,01.07.2022,30.06.2027,,https://www.transfermarkt.com/theo-sainte-luce/profil/spieler/537127,NA,NA,NA,22.11.2023,NA,NA,NA,NA,NA,NA
23.11.2002 (22),Montpellier,"1,82 m",Cameroon France,Defender - Right-Back,right,Wasserman,Montpellier HSC,01.07.2022,30.06.2027,NA,https://www.transfermarkt.com/enzo-tchato/profil/spieler/842338,Enzo Gianni Tchato Mbiayi,NA,NA,28.05.2024,NA,NA,NA,NA,NA,NA
01.05.1995 (30),Bamako,"1,80 m",Mali,Defender - Right-Back,right,Sferico Sports ...,Neftchi PFK,10.08.2025,30.06.2027,,https://www.transfermarkt.com/falaye-sacko/profil/spieler/364857,NA,NA,Option for a further year,NA,NA,NA,NA,NA,NA,NA
15.04.2005 (20),Mbanga,"1,72 m",Cameroon,Defender - Right-Back,NA,NA,Montpellier HSC B,01.07.2024,-,NA,https://www.transfermarkt.com/wilfried-ndollo-bille/profil/spieler/1203026,NA,NA,NA,NA,NA,NA,NA,Montpellier HSC (#49),NA,NA
31.03.2005 (20),Montpellier,"1,82 m",France,Midfield - Attacking Midfield,right,NA,Istres Football Club,05.08.2025,-,NA,https://www.transfermarkt.com/simon-cara/profil/spieler/1017912,NA,NA,NA,NA,NA,NA,NA,NA,NA,NA
12.01.2004 (21),Douala,NA,Cameroon,Attack - Centre-Forward,NA,T S M,Montpellier HSC,01.07.2024,-,NA,https://www.transfermarkt.com/glenn-ngosso/profil/spieler/1238800,Glenn Olivier Edwing Ngosso,NA,NA,NA,NA,NA,NA,Montpellier HSC B,NA,NA
28.06.1996 (29),Port-au-Prince,"1,76 m",Haiti,Defender - Right-Back,right,Kemari,Angers SCO,01.07.2024,30.06.2026,,https://www.transfermarkt.com/carlens-arcus/profil/spieler/371686,Carlens Jean Fedlaire Ruby Arcus,NA,NA,NA,NA,NA,NA,NA,NA,NA
08.08.2003 (22),Euskirchen,"1,89 m",Germany,Goalkeeper,both,ROOF,Bayern Munich,27.01.2025,30.06.2029,,https://www.transfermarkt.com/jonas-urbig/profil/spieler/607720,Jonas Kurt Urbig,adidas,NA,NA,NA,NA,NA,NA,NA,NA
27.03.1986 (39),Gelsenkirchen,"1,93 m",Germany,Goalkeeper,right,PRO Profil GmbH,Bayern Munich,01.07.2011,30.06.2026,,https://www.transfermarkt.com/manuel-neuer/profil/spieler/17259,Manuel Peter Neuer,adidas,NA,03.02.2025,NA,NA,NA,NA,NA,NA
18.01.2006 (19),München,"1,89 m",Germany,Goalkeeper,right,CN Sports,SSV Ulm 1846,01.07.2025,30.06.2026,,https://www.transfermarkt.com/max-schmitt/profil/spieler/937713,Max Joseph Schmitt,NA,NA,NA,NA,FC Bayern Munich II,30.06.2027,NA,NA,NA
03.05.2004 (21),München,"1,88 m",Germany Serbia,Midfield - Defensive Midfield,both,BALLWERK Sports GmbH,Bayern Munich,01.11.2023,30.06.2029,,https://www.transfermarkt.com/aleksandar-pavlovic/profil/spieler/792380,Aleksandar Pavlović,Nike,NA,16.06.2024,NA,NA,NA,NA,NA,NA
14.07.1995 (30),Stuttgart,"1,76 m",Germany Cote d'Ivoire,Attack - Left Winger,right,ROOF,Bayern Munich,01.07.2017,30.06.2026,,https://www.transfermarkt.com/serge-gnabry/profil/spieler/159471,Serge David Gnabry,adidas,NA,16.07.2022,NA,NA,NA,NA,NA,NA
24.09.2008 (16),NA,"1,75 m",Germany Nigeria,Attack - Left Winger,both,NA,FC Bayern Munich U19,01.01.2025,30.06.2027,,https://www.transfermarkt.com/wisdom-mike/profil/spieler/1084539,Wisdom Okpako Mike,adidas,NA,08.08.2025,NA,NA,NA,Bayern Munich (#36),Bayern Munich UEFA U19,NA
03.05.2003 (22),Pulheim,"1,77 m",Germany,Midfield - Attacking Midfield,right,Relatives,Liverpool FC,01.07.2025,30.06.2030,,https://www.transfermarkt.com/florian-wirtz/profil/spieler/598577,Florian Richard Wirtz,adidas,NA,NA,NA,NA,NA,NA,NA,NA
04.03.1997 (28),Armentières,"1,84 m",France,Attack - Left Winger,right,FAIR SPORT MNG,Bayer 04 Leverkusen,18.07.2024,30.06.2029,,https://www.transfermarkt.com/martin-terrier/profil/spieler/442891,NA,adidas,NA,NA,NA,NA,NA,NA,NA,NA
24.01.1996 (29),Praha,"1,91 m",Czech Republic,Attack - Centre-Forward,left,Soccertalk GmbH,Bayer 04 Leverkusen,08.09.2020,30.06.2030,,https://www.transfermarkt.com/patrik-schick/profil/spieler/242086,NA,NA,NA,04.08.2025,NA,NA,NA,NA,NA,NA
26.02.2002 (23),Sint-Truiden,"1,92 m",Belgium,Goalkeeper,right,Wasserman,RB Leipzig,01.07.2024,30.06.2029,,https://www.transfermarkt.com/maarten-vandevoordt/profil/spieler/486046,NA,NA,NA,NA,NA,NA,NA,NA,NA,NA
13.10.2007 (17),Halle (Saale),"1,93 m",Germany,Goalkeeper,left,Agent is known - Player under 18,Hamburger SV,01.07.2025,30.06.2028,NA,https://www.transfermarkt.com/fernando-dickes/profil/spieler/1048715,NA,NA,NA,NA,NA,NA,NA,NA,NA,NA
03.11.1992 (32),Kaiserslautern,"1,86 m",Hungary Germany,Defender - Centre-Back,right,ROGON,RB Leipzig,01.07.2015,30.06.2027,,https://www.transfermarkt.com/willi-orban/profil/spieler/93740,Vilmos Tamás Orbán,Nike,NA,06.10.2023,NA,NA,NA,NA,NA,NA
26.03.2007 (18),Alta,"1,94 m",Norway,Defender - Centre-Back,left,Solbakken / Player ...,Arminia Bielefeld,01.07.2025,30.06.2026,NA,https://www.transfermarkt.com/jonathan-norbye/profil/spieler/1006916,Jonathan Vonheim Norbye,NA,NA,NA,NA,RB Leipzig,-,NA,NA,NA
08.04.1998 (27),Mainz,"1,76 m",Germany DR Congo,Defender - Right-Back,right,Sports360 GmbH,RB Leipzig,10.01.2025,30.06.2027,,https://www.transfermarkt.com/ridle-baku/profil/spieler/327251,Bote Nzuzi Baku,adidas,NA,NA,NA,NA,NA,NA,NA,NA
31.01.1998 (27),Bamako,"1,78 m",Mali,Midfield - Central Midfield,right,ROOF,RB Leipzig,01.01.2019,30.06.2026,,https://www.transfermarkt.com/amadou-haidara/profil/spieler/402008,NA,NA,NA,29.03.2024,NA,NA,NA,NA,NA,NA
21.04.2003 (22),Amsterdam,"1,79 m",Netherlands Suriname,Midfield - Attacking Midfield,right,NA,RB Leipzig,30.01.2025,30.06.2027,,https://www.transfermarkt.com/xavi-simons/profil/spieler/566931,Xavier Quentin Shay Simons,Puma,NA,30.01.2025,NA,NA,NA,NA,NA,NA
15.03.2006 (19),Osnabrück,"1,93 m",Germany The Gambia,Midfield - Attacking Midfield,right,SEG,VfB Stuttgart II,09.08.2025,-,NA,https://www.transfermarkt.com/nuha-jatta/profil/spieler/974561,Nuha David Fred Jatta,NA,NA,NA,NA,NA,NA,NA,NA,NA
28.10.2006 (18),München,"1,85 m",Germany Slovenia,Attack - Centre-Forward,right,Relatives,RB Leipzig,01.07.2025,30.06.2027,NA,https://www.transfermarkt.com/robert-ramsak/profil/spieler/941177,Robert Ramšak,adidas,NA,NA,NA,NA,NA,NA,NA,NA
13.02.2006 (19),Hagen,"1,95 m",Poland Germany,Goalkeeper,NA,CORESPORT,1.FC Nuremberg,01.07.2025,-,NA,https://www.transfermarkt.com/robin-lisewski/profil/spieler/884818,NA,NA,NA,NA,NA,NA,NA,NA,NA,NA
01.03.2007 (18),NA,"1,89 m",Germany United States,Defender - Centre-Back,right,SBE Management AG,Borussia Mönchengladbach II,16.07.2025,-,,https://www.transfermarkt.com/tyler-meiser/profil/spieler/1009446,Tyler Louis Meiser,Puma,NA,NA,NA,NA,NA,NA,NA,NA
12.02.2002 (23),Stockholm,"1,83 m",Sweden,Defender - Left-Back,left,KSM AGENCY,Borussia Dortmund,01.07.2025,30.06.2029,,https://www.transfermarkt.com/daniel-svensson/profil/spieler/579287,Daniel Jonathan Svensson,NA,NA,NA,NA,NA,NA,NA,NA,NA
04.09.2003 (21),Hamburg,"1,82 m",Germany,Defender - Right-Back,both,M&M sportsManagement,MSV Duisburg,01.07.2025,30.06.2027,NA,https://www.transfermarkt.com/niklas-jessen/profil/spieler/574197,NA,NA,NA,NA,NA,NA,NA,NA,NA,NA
12.03.1996 (29),Arles,"1,87 m",Guinea France,Attack - Centre-Forward,right,KGSMI,Borussia Dortmund,18.07.2024,30.06.2028,,https://www.transfermarkt.com/serhou-guirassy/profil/spieler/270541,Serhou Yadaly Guirassy,adidas,NA,NA,NA,NA,NA,NA,NA,NA
23.09.2004 (20),Odijk,"1,91 m",Netherlands Curacao,Attack - Centre-Forward,right,NACR-Sports,Borussia Dortmund II,01.07.2024,30.06.2027,,https://www.transfermarkt.com/jordi-paulina/profil/spieler/1045762,Jordi Leander Paulina,NA,NA,NA,NA,NA,NA,NA,NA,NA
16.03.2004 (21),Berlin,"1,80 m",Germany,Defender - Left-Back,left,SEG,Borussia Mönchengladbach,01.07.2023,30.06.2027,,https://www.transfermarkt.com/lukas-ullrich/profil/spieler/787151,NA,Puma,NA,NA,NA,NA,NA,NA,NA,NA
08.09.1995 (29),Bad Aibling,"1,86 m",Germany,Midfield - Defensive Midfield,right,Relatives,Borussia Mönchengladbach,01.07.2023,30.06.2028,,https://www.transfermarkt.com/julian-weigl/profil/spieler/196792,NA,Puma,NA,NA,NA,NA,NA,NA,NA,NA
29.05.2002 (23),Duisburg,"1,76 m",Germany,Midfield - Central Midfield,right,Sports360 GmbH,Borussia Mönchengladbach,01.07.2020,30.06.2028,,https://www.transfermarkt.com/rocco-reitz/profil/spieler/467434,NA,adidas,NA,01.02.2024,NA,NA,NA,NA,NA,NA
14.03.2000 (25),Toulouse,"1,85 m",Cameroon France,Attack - Right Winger,right,NexSt11,Borussia Mönchengladbach,30.08.2022,30.06.2027,,https://www.transfermarkt.com/nathan-ngoumou/profil/spieler/629588,Nathan Ngoumou Minpole,Puma,NA,NA,NA,NA,NA,NA,NA,NA
16.05.2002 (23),Metz,"1,86 m",France Guadeloupe,Defender - Right-Back,right,KS__Team,PSV Eindhoven,16.07.2025,30.06.2030,,https://www.transfermarkt.com/kiliann-sildillia/profil/spieler/548348,Kiliann Eric Sildillia,NA,NA,NA,NA,NA,NA,NA,NA,NA
09.03.1990 (35),Überlingen,"1,81 m",Germany,Midfield - Defensive Midfield,right,NA,SC Freiburg,01.07.2010,-,,https://www.transfermarkt.com/nicolas-hofler/profil/spieler/55099,NA,NA,NA,18.11.2024,NA,NA,NA,NA,NA,NA
08.12.1996 (28),Hannover,"1,81 m",Germany,Midfield - Central Midfield,right,ROOF,SC Freiburg,18.08.2021,-,NA,https://www.transfermarkt.com/maximilian-eggestein/profil/spieler/190284,NA,NA,NA,25.03.2024,NA,NA,NA,NA,NA,NA
04.01.1999 (26),Hamm,"1,75 m",Germany,Attack - Right Winger,left,CAA Stellar,SC Freiburg,31.01.2025,30.06.2030,NA,https://www.transfermarkt.com/niklas-beste/profil/spieler/342967,Jan-Niklas Beste,Puma,NA,NA,NA,NA,NA,NA,NA,NA
10.07.1994 (31),Achim,"1,84 m",Germany,Attack - Centre-Forward,right,Unique Sports Group,SC Freiburg,01.01.2018,-,,https://www.transfermarkt.com/lucas-holer/profil/spieler/248999,NA,NA,NA,27.03.2023,NA,NA,NA,NA,NA,NA
28.10.1994 (30),Rüdesheim am Rhein,"1,95 m",Germany,Goalkeeper,right,W&K Fairplay,1.FSV Mainz 05,01.07.2014,30.06.2028,,https://www.transfermarkt.com/robin-zentner/profil/spieler/160963,NA,adidas,NA,01.12.2024,NA,NA,NA,NA,NA,NA
26.01.2006 (19),Nagold,"1,88 m",Germany Türkiye,Defender - Centre-Back,left,SEG,1.FSV Mainz 05,01.07.2025,30.06.2027,,https://www.transfermarkt.com/maxim-dal/profil/spieler/934317,Maxim Bora Dal,NA,NA,NA,NA,NA,NA,1.FSV Mainz 05 II (#15),NA,NA
05.03.1993 (32),Aarau,"1,83 m",Switzerland,Defender - Right-Back,right,CAA Base Ltd,1.FSV Mainz 05,09.07.2021,30.06.2026,,https://www.transfermarkt.com/silvan-widmer/profil/spieler/168989,Silvan Dominic Widmer,NA,NA,05.05.2023,NA,NA,NA,NA,NA,NA
16.06.1999 (26),Seoul,"1,77 m","Korea, South",Midfield - Attacking Midfield,left,Apertura Sports GmbH,FC Nantes,30.07.2025,30.06.2026,,https://www.transfermarkt.com/hyun-seok-hong/profil/spieler/562948,홍현석,NA,Option to buy,NA,NA,1.FSV Mainz 05,30.06.2028,NA,NA,NA
16.12.1998 (26),London,"1,90 m",England Jamaica,Defender - Centre-Back,right,CAA Base Ltd,Without Club,01.07.2025,-,,https://www.transfermarkt.com/reece-oxford/profil/spieler/314295,Reece Joel Oxford,NA,NA,NA,NA,NA,NA,NA,NA,NA
08.09.2003 (21),Dendermonde,"1,85 m",Belgium,Midfield - Central Midfield,right,Wasserman,Celtic FC,30.08.2024,30.06.2028,NA,https://www.transfermarkt.com/arne-engels/profil/spieler/565435,NA,NA,NA,NA,NA,NA,NA,NA,NA,NA
01.01.1998 (27),Abuya,"1,83 m",Nigeria,Midfield - Central Midfield,right,CAA Base Ltd,Brentford FC,20.07.2021,30.06.2027,,https://www.transfermarkt.com/frank-onyeka/profil/spieler/421637,Ogochukwu Frank Onyeka,NA,NA,07.08.2023,NA,NA,NA,NA,NA,NA
09.09.1997 (27),Porvoo,"1,83 m",Finland,Midfield - Attacking Midfield,right,V4S,Aris Thessaloniki,11.07.2025,30.06.2028,,https://www.transfermarkt.com/fredrik-jensen/profil/spieler/249157,Hans Fredrik Jensen,NA,NA,NA,NA,NA,NA,NA,NA,NA
23.01.1998 (27),Montfermeil,"1,93 m",DR Congo France,Attack - Centre-Forward,right,Mickael Libong,FC Augsburg,01.07.2024,30.06.2028,,https://www.transfermarkt.com/samuel-essende/profil/spieler/395522,Samuel Emmanuel Essende Mbongu,NA,NA,NA,NA,NA,NA,NA,NA,NA
29.09.1994 (30),Parakou,"1,89 m",Benin France,Attack - Centre-Forward,right,Soccermax,FC Augsburg,05.07.2024,30.06.2027,,https://www.transfermarkt.com/steve-mounie/profil/spieler/238639,Steve Michel Mounié,NA,NA,NA,NA,NA,NA,NA,NA,NA
04.02.1993 (32),Delmenhorst,"1,94 m",Germany,Goalkeeper,right,BMS Sportconsulting ...,Borussia Dortmund,01.07.2025,30.06.2027,NA,https://www.transfermarkt.com/patrick-drewes/profil/spieler/94192,NA,Uhlsport,NA,NA,NA,NA,NA,NA,NA,NA
14.05.1995 (30),São Paulo,"1,86 m",Brazil,Defender - Centre-Back,left,Kick&Run,TSG 1899 Hoffenheim,01.07.2025,-,,https://www.transfermarkt.com/bernardo/profil/spieler/364258,NA,NA,NA,NA,Bernardo Fernandes da Silva Junior,NA,NA,NA,NA,NA
01.03.2001 (24),Skopje,"1,81 m",North Macedonia Albania,Midfield - Central Midfield,right,NA,FK Sarajevo,16.07.2025,30.06.2028,NA,https://www.transfermarkt.com/agon-elezi/profil/spieler/505324,Агон Ељези,NA,NA,NA,NA,NA,NA,NA,NA,NA
01.01.1994 (31),Kechrinia,"1,84 m",Greece,Attack - Left Winger,right,Target Sport,Al-Khaleej FC,13.08.2025,30.06.2026,,https://www.transfermarkt.com/georgios-masouras/profil/spieler/329517,Γεώργιος Μασούρας,NA,NA,NA,NA,Olympiacos Piraeus,30.06.2027,NA,NA,NA
12.12.2002 (22),Baghagha,"1,70 m",Guinea Senegal,Attack - Left Winger,right,STRIIVE SPORTS,FC St. Gallen 1879,21.07.2025,30.06.2026,,https://www.transfermarkt.com/aliou-balde/profil/spieler/666977,Aliou Badara Baldé,NA,Option to buy,NA,NA,OGC Nice,30.06.2028,NA,NA,NA
07.07.2001 (24),Schwäbisch Hall,"1,85 m",Germany,Defender - Centre-Back,left,Haspel ...,1.FC Magdeburg,14.08.2025,30.06.2026,NA,https://www.transfermarkt.com/max-geschwill/profil/spieler/471890,NA,adidas,NA,NA,NA,Holstein Kiel,-,NA,NA,NA
24.01.2003 (22),Bielefeld,"1,92 m",Germany,Defender - Centre-Back,right,ROOF,VfL Bochum,01.07.2025,30.06.2028,NA,https://www.transfermarkt.com/colin-kleine-bekel/profil/spieler/622722,Colin Noah Kleine-Bekel,NA,NA,NA,NA,NA,NA,NA,NA,NA
31.07.2002 (23),"Chatham, New Jersey","1,70 m",United States,Defender - Left-Back,left,YMU Management Ltd.,Holstein Kiel,16.01.2025,-,,https://www.transfermarkt.com/john-tolkin/profil/spieler/683812,John Michael Tolkin,NA,NA,NA,NA,NA,NA,NA,NA,NA
25.03.2002 (23),Datteln,"1,93 m",Germany,Attack - Centre-Forward,right,Gordon ...,Holstein Kiel,01.07.2024,-,NA,https://www.transfermarkt.com/phil-harres/profil/spieler/606119,NA,NA,NA,NA,NA,NA,NA,NA,NA,NA
20.07.1997 (28),Salzburg,"1,88 m",Austria,Attack - Centre-Forward,right,YOU FIRST,Hannover 96,01.07.2025,30.06.2027,NA,https://www.transfermarkt.com/benedikt-pichler/profil/spieler/331362,NA,NA,NA,NA,NA,NA,NA,NA,NA,NA
06.01.2000 (25),Bad Segeberg,"1,86 m",Germany,Attack - Centre-Forward,right,FTC,Odense Boldklub,01.07.2025,30.06.2028,,https://www.transfermarkt.com/fiete-arp/profil/spieler/343337,Jann-Fiete Arp,NA,NA,NA,NA,NA,NA,NA,NA,NA
10.11.1997 (27),Milano,"1,75 m",Italy,Defender - Left-Back,left,Roc Nation Sports,Inter Milan,05.07.2018,30.06.2027,,https://www.transfermarkt.com/federico-dimarco/profil/spieler/198116,NA,adidas,NA,30.12.2023,NA,NA,NA,NA,NA,NA
07.01.1999 (26),Campinas,"1,84 m",Brazil Italy,Defender - Left-Back,left,GR Sports,Inter Milan,01.07.2024,30.06.2028,,https://www.transfermarkt.com/carlos-augusto/profil/spieler/585982,NA,NA,NA,NA,Carlos Augusto Zopolato Neves,NA,NA,NA,NA,NA
10.02.2005 (20),Milano,NA,Italy,Defender - Left-Back,left,PDP s.r.l. ...,FC Lumezzane,14.08.2025,30.06.2026,NA,https://www.transfermarkt.com/matteo-motta/profil/spieler/937342,NA,NA,NA,NA,NA,Inter Milan Primavera,-,NA,NA,NA
08.02.1994 (31),Mannheim,"1,78 m",Türkiye Germany,Midfield - Defensive Midfield,right,Unique Sports Group,Inter Milan,01.07.2021,30.06.2027,,https://www.transfermarkt.com/hakan-calhanoglu/profil/spieler/126414,Hakan Çalhanoğlu,Nike,NA,05.07.2023,NA,NA,NA,NA,NA,NA
07.02.1997 (28),Cagliari,"1,75 m",Italy,Midfield - Central Midfield,right,NA,Inter Milan,01.09.2020,30.06.2029,,https://www.transfermarkt.com/nicolo-barella/profil/spieler/255942,NA,Nike,NA,11.06.2024,NA,NA,NA,NA,NA,NA
06.10.1997 (27),Marseille,"1,84 m",France Spain,Defender - Left-Back,left,Manuel García Quilón,Al-Hilal SFC,10.07.2025,30.06.2028,,https://www.transfermarkt.com/theo-hernandez/profil/spieler/339808,Theo Bernard François Hernández,Puma,NA,NA,NA,NA,NA,NA,NA,NA
29.12.2005 (19),Erba,"1,93 m",Italy,Defender - Left-Back,left,Un1que Football,AC Milan,01.07.2025,30.06.2030,,https://www.transfermarkt.com/davide-bartesaghi/profil/spieler/887638,NA,Nike,NA,21.05.2025,NA,NA,NA,NA,NA,NA
11.03.1991 (34),Roma,"1,73 m",Italy,Defender - Right-Back,right,World Soccer Agency,Without Club,01.07.2025,-,,https://www.transfermarkt.com/alessandro-florenzi/profil/spieler/130365,NA,Nike,NA,NA,NA,NA,NA,NA,NA,NA
10.01.1999 (26),Paris,"1,85 m",France Mali,Midfield - Defensive Midfield,right,Elite 19 sports ...,AC Milan,17.08.2024,30.06.2028,,https://www.transfermarkt.com/youssouf-fofana/profil/spieler/569598,NA,adidas,NA,NA,NA,NA,NA,NA,NA,NA
03.06.1999 (26),Torino,"1,80 m",Italy,Attack - Left Winger,right,GR Sports,US Lecce,10.08.2025,30.06.2026,,https://www.transfermarkt.com/riccardo-sottil/profil/spieler/386455,NA,NA,NA,NA,NA,ACF Fiorentina,30.06.2027,NA,NA,NA
27.06.1999 (26),Berchem-Sainte-Agathe,"1,80 m",Belgium,Attack - Right Winger,right,Unique Sports Group,AC Milan,01.09.2020,30.06.2027,,https://www.transfermarkt.com/alexis-saelemaekers/profil/spieler/381950,Alexis Jesse Saelemaekers,adidas,NA,15.10.2021,NA,NA,NA,NA,NA,NA
23.12.1997 (27),Loznica,"1,82 m",Serbia Bosnia-Herzegovina,Attack - Centre-Forward,right,LIAN Sports Group,AEK Athens,05.08.2025,30.06.2027,,https://www.transfermarkt.com/luka-jovic/profil/spieler/257462,Лука Јовић,adidas,NA,NA,NA,NA,NA,NA,NA,NA
01.07.2000 (25),Rimini,"1,91 m",Italy,Goalkeeper,right,World Soccer Agency,Atalanta BC,01.07.2019,30.06.2028,,https://www.transfermarkt.com/marco-carnesecchi/profil/spieler/459763,NA,Puma,NA,NA,NA,NA,NA,NA,NA,NA
28.03.2003 (22),Seriate,"1,95 m",Italy,Goalkeeper,right,BC Group,Atalanta U23,01.07.2023,30.06.2027,NA,https://www.transfermarkt.com/paolo-vismara/profil/spieler/650256,NA,NA,NA,NA,NA,NA,NA,NA,NA,NA
10.10.1990 (34),Glória D'Oeste,"1,85 m",Italy Brazil,Defender - Centre-Back,right,Madeira Sports,São Paulo Futebol Clube,15.08.2025,31.12.2026,,https://www.transfermarkt.com/rafael-toloi/profil/spieler/72441,NA,Puma,NA,NA,NA,NA,NA,NA,NA,NA
16.11.2003 (21),Crema,"1,90 m",Italy,Midfield - Left Midfield,left,NA,Atalanta U23,01.07.2024,30.06.2028,NA,https://www.transfermarkt.com/lorenzo-bernasconi/profil/spieler/708635,NA,NA,NA,NA,NA,NA,NA,NA,NA,NA
31.05.1996 (29),Udine,"1,93 m",Italy,Goalkeeper,right,P&P Sport ...,Pisa Sporting Club,23.07.2025,30.06.2028,,https://www.transfermarkt.com/simone-scuffet/profil/spieler/238993,NA,Lotto,NA,NA,NA,NA,NA,NA,NA,NA
03.03.1999 (26),Novara,"1,82 m",Italy,Midfield - Right Midfield,right,NA,US Cremonese,29.07.2025,30.06.2026,,https://www.transfermarkt.com/alessio-zerbin/profil/spieler/433584,NA,adidas,Obligation to buy with conditions,NA,NA,SSC Napoli,30.06.2028,NA,NA,NA
27.08.1999 (25),Antwerpen,"1,89 m",Serbia Belgium,Goalkeeper,right,Universal Twenty Two,AS Roma,01.07.2022,30.06.2030,,https://www.transfermarkt.com/mile-svilar/profil/spieler/338670,Миле Свилар,NA,NA,11.07.2025,NA,NA,NA,NA,NA,NA
08.04.1992 (33),Plumpton,"1,84 m",Australia Scotland,Goalkeeper,right,CAA Stellar,Without Club,01.07.2025,-,,https://www.transfermarkt.com/mathew-ryan/profil/spieler/128969,Mathew David Ryan,NA,NA,NA,NA,NA,NA,NA,NA,NA
16.12.1988 (36),Bergisch Gladbach,"1,91 m",Germany,Defender - Centre-Back,right,HMH Sportmanagement,Retired,01.07.2025,-,,https://www.transfermarkt.com/mats-hummels/profil/spieler/39728,Mats Julian Hummels,adidas,NA,NA,NA,NA,NA,NA,NA,NA
04.03.2003 (22),Västerås,"1,74 m",Sweden,Defender - Left-Back,left,Wesport Football,SL Benfica,01.07.2025,30.06.2029,NA,https://www.transfermarkt.com/samuel-dahl/profil/spieler/605396,Samuel Elias Dahl,adidas,NA,NA,NA,NA,NA,NA,NA,NA
18.01.2003 (22),Lelystad,"1,81 m",Netherlands Suriname,Defender - Right-Back,right,AYMO Football ...,AS Roma,23.01.2025,30.06.2029,,https://www.transfermarkt.com/devyne-rensch/profil/spieler/557407,Devyne Fabian Jairo Rensch,adidas,NA,NA,NA,NA,NA,NA,NA,NA
05.08.2003 (22),Villeneuve-Saint-Georges,"1,85 m",France Central African Republic,Midfield - Defensive Midfield,right,Sport Cover,Red Bull Salzburg,13.07.2022,30.06.2027,,https://www.transfermarkt.com/lucas-gourna-douath/profil/spieler/620313,NA,Nike,NA,NA,NA,NA,NA,NA,NA,NA
15.04.2003 (22),Mar del Plata,"1,82 m",Argentina Italy,Attack - Right Winger,left,Guastadisegno,AS Roma,30.07.2024,30.06.2029,,https://www.transfermarkt.com/matias-soule/profil/spieler/668951,Matías Soulé Malvano,adidas,NA,NA,NA,NA,NA,NA,NA,NA
21.06.1997 (28),Cherkasy,"1,89 m",Ukraine,Attack - Centre-Forward,left,ALIK FOOTBALL ...,AS Roma,02.08.2024,30.06.2029,,https://www.transfermarkt.com/artem-dovbyk/profil/spieler/343537,Довбик Артем Олександрович,Nike,NA,02.08.2024,NA,NA,NA,NA,NA,NA
06.01.2006 (19),Bagno a Ripoli,"1,94 m",Italy,Goalkeeper,right,CAA Base Ltd,ACF Fiorentina,01.07.2023,30.06.2029,NA,https://www.transfermarkt.com/tommaso-martinelli/profil/spieler/934159,NA,NA,NA,21.11.2024,NA,NA,NA,NA,NA,NA
31.08.1993 (31),Almussafes,"1,93 m",Spain,Defender - Centre-Back,left,AC Talent,ACF Fiorentina,28.01.2025,30.06.2027,,https://www.transfermarkt.com/pablo-mari/profil/spieler/210178,Pablo Marí Villar,adidas,Option for a further year,NA,NA,NA,NA,NA,NA,NA
24.09.2003 (21),Córdoba,"1,93 m",Argentina,Defender - Centre-Back,right,ADA SPORTS,Levante UD,11.07.2025,30.06.2026,NA,https://www.transfermarkt.com/matias-moreno/profil/spieler/1144700,Matías Agustín Moreno,NA,Buy-option with buy-back option,NA,NA,ACF Fiorentina,30.06.2029,NA,NA,NA
11.05.1999 (26),Brescia,"1,84 m",Italy,Midfield - Attacking Midfield,left,TMP SOCCER srl,AC Monza,01.07.2022,30.06.2028,,https://www.transfermarkt.com/andrea-colpani/profil/spieler/392959,NA,NA,NA,10.08.2023,NA,NA,NA,NA,NA,NA
10.11.2006 (18),Firenze,"1,79 m",Italy,Midfield - Attacking Midfield,right,NA,Carrarese Calcio 1908,15.07.2025,30.06.2026,NA,https://www.transfermarkt.com/tommaso-rubino/profil/spieler/866247,NA,NA,NA,NA,NA,Fiorentina Primavera,-,NA,NA,NA
28.02.2000 (25),Vercelli,"1,83 m",Italy Cote d'Ivoire,Attack - Centre-Forward,right,World Soccer Agency,ACF Fiorentina,09.07.2024,30.06.2029,,https://www.transfermarkt.com/moise-kean/profil/spieler/364135,Moise Bioty Kean,NA,NA,NA,NA,NA,NA,NA,NA,NA
23.05.1988 (37),Roma,"1,87 m",Italy,Defender - Right-Back,right,Sergio Berti,Bologna FC 1909,17.09.2020,30.06.2026,,https://www.transfermarkt.com/lorenzo-de-silvestri/profil/spieler/33571,NA,NA,NA,11.06.2025,NA,NA,NA,NA,NA,NA
15.07.1999 (26),Trieste,"1,88 m",Italy,Midfield - Central Midfield,left,Patrick Bastianelli,Bologna FC 1909,22.07.2025,30.06.2026,,https://www.transfermarkt.com/tommaso-pobega/profil/spieler/392538,NA,NA,Obligation to buy with conditions,NA,NA,AC Milan,30.06.2027,NA,NA,NA
25.10.2000 (24),Nyon,"1,84 m",Switzerland Senegal,Attack - Right Winger,right,Binary Sports Group,Nottingham Forest,31.07.2025,30.06.2030,,https://www.transfermarkt.com/dan-ndoye/profil/spieler/365108,Dan Assane Ndoye,NA,NA,NA,NA,NA,NA,NA,NA,NA
03.08.2000 (25),Groningen,"1,90 m",Netherlands,Attack - Centre-Forward,right,V4S,Bologna FC 1909,23.07.2024,30.06.2028,,https://www.transfermarkt.com/thijs-dallinga/profil/spieler/538964,NA,NA,NA,NA,NA,NA,NA,NA,NA,NA
24.06.2005 (20),Ribeirão Preto,"1,93 m",Brazil Italy,Defender - Centre-Back,right,NA,FC Südtirol,10.07.2025,30.06.2026,,https://www.transfermarkt.com/filipe-bordon/profil/spieler/1110645,NA,NA,Buy-option with buy-back option,NA,NA,SS Lazio,30.06.2028,NA,NA,NA
26.01.2000 (25),Lisboa,"1,83 m",Portugal Cape Verde,Defender - Left-Back,left,Prodigy Players,SS Lazio,01.07.2025,30.06.2029,,https://www.transfermarkt.com/nuno-tavares/profil/spieler/535955,Nuno Albertino Varela Tavares,Nike,NA,NA,NA,NA,NA,NA,NA,NA
24.08.1991 (34),San Jacinto,"1,87 m",Uruguay Italy,Midfield - Central Midfield,right,World Soccer Agency,SS Lazio,01.08.2022,30.06.2026,,https://www.transfermarkt.com/matias-vecino/profil/spieler/143812,Matías Vecino Falero,Nike,Option for a further year,19.06.2025,NA,NA,NA,NA,NA,NA
25.11.1996 (28),Zagreb,"1,90 m",Croatia,Midfield - Central Midfield,left,Soccer11,SS Lazio,25.08.2021,30.06.2026,NA,https://www.transfermarkt.com/toma-basic/profil/spieler/334835,NA,NA,NA,NA,NA,NA,NA,NA,NA,NA
06.02.2001 (24),Lagos,"1,86 m",Nigeria England,Midfield - Attacking Midfield,right,WNRS,SS Lazio,01.07.2025,30.06.2028,,https://www.transfermarkt.com/fisayo-dele-bashiru/profil/spieler/530742,Oluwafisayo Faruq Dele-Bashiru,NA,NA,NA,NA,NA,NA,NA,NA,NA
23.09.1999 (25),Maracai,"1,80 m",Italy Brazil,Midfield - Attacking Midfield,right,NA,Without Club,01.07.2025,-,,https://www.transfermarkt.com/andre-anderson/profil/spieler/601577,André Anderson Pomilio Lima da Silva Costa,adidas,NA,NA,NA,NA,NA,NA,NA,NA
05.04.2000 (25),Gorzów Wielkopolski,"1,88 m",Poland,Defender - Centre-Back,right,Branchini Associati ...,US Sassuolo,25.07.2025,30.06.2026,,https://www.transfermarkt.com/sebastian-walukiewicz/profil/spieler/345458,Sebastian Wiktor Walukiewicz,NA,Option to buy,NA,NA,Torino FC,30.06.2027,NA,NA,NA
28.02.2005 (20),"Cootehill, Co. Cavan","1,91 m",Ireland,Defender - Centre-Back,left,NA,Mantova 1911,14.08.2025,30.06.2026,NA,https://www.transfermarkt.com/senan-mullen/profil/spieler/983810,Senan Michael Mullen,NA,Buy-option with buy-back option,NA,NA,Torino Primavera,-,NA,NA,NA
21.01.1998 (27),Zagreb,"1,87 m",Croatia Germany,Defender - Left-Back,left,SEG,Crystal Palace,11.07.2025,30.06.2028,,https://www.transfermarkt.com/borna-sosa/profil/spieler/293194,NA,NA,NA,NA,NA,NA,NA,NA,NA,NA
02.02.1995 (30),Żnin,"1,75 m",Poland,Midfield - Central Midfield,right,Fabryka Futbolu,Kocaelispor,14.08.2025,30.06.2026,,https://www.transfermarkt.com/karol-linetty/profil/spieler/225873,NA,NA,Option for a further year,NA,NA,NA,NA,NA,NA,NA
26.01.2005 (20),Torino,"1,80 m",Italy Ethiopia,Midfield - Central Midfield,right,Vigo Global Sport ...,Torino FC,01.07.2024,30.06.2026,NA,https://www.transfermarkt.com/aaron-ciammaglichella/profil/spieler/724108,NA,adidas,NA,NA,NA,NA,NA,NA,NA,NA
16.07.2000 (25),Hammerfest,"1,84 m",Norway,Midfield - Right Midfield,right,Players First,Torino FC,01.07.2025,30.06.2027,,https://www.transfermarkt.com/marcus-pedersen/profil/spieler/583404,Marcus Holmgren Pedersen,Puma,Option for a further year,NA,NA,NA,NA,NA,NA,NA
21.10.2006 (18),Pesaro,"1,89 m",Italy,Attack - Centre-Forward,left,Mauro Cesarini,Torino Primavera,01.07.2023,30.06.2028,,https://www.transfermarkt.com/tommaso-gabellini/profil/spieler/1040080,NA,NA,NA,28.10.2024,NA,NA,NA,NA,NA,NA
28.01.1995 (30),Lich,"1,86 m",Germany,Defender - Centre-Back,left,Dirk Hebel,Como 1907,28.08.2024,30.06.2027,,https://www.transfermarkt.com/marc-oliver-kempf/profil/spieler/160938,NA,NA,NA,NA,NA,NA,NA,NA,NA,NA
02.11.1993 (31),Milano,"1,93 m",Italy,Defender - Centre-Back,right,GR Sports,Como 1907,28.01.2024,30.06.2028,,https://www.transfermarkt.com/edoardo-goldaniga/profil/spieler/242940,NA,NA,NA,28.07.2025,NA,NA,NA,NA,NA,NA
18.06.2006 (19),NA,NA,Italy,Defender - Centre-Back,NA,FUTURA 2,Varesina Calcio,21.07.2025,30.06.2026,NA,https://www.transfermarkt.com/alessio-chiesa/profil/spieler/997906,NA,NA,NA,NA,NA,NA,NA,NA,NA,NA
27.03.2002 (23),Eisenstadt,"1,74 m",Austria,Midfield - Central Midfield,right,CN Sports,SSC Bari,05.08.2025,30.06.2026,,https://www.transfermarkt.com/matthias-braunoder/profil/spieler/488052,NA,NA,NA,NA,NA,Como 1907,30.06.2027,NA,NA,NA
07.09.2005 (19),Ndongane,"1,85 m",Senegal Spain,Attack - Left Winger,right,Relatives,Como 1907,07.01.2025,30.06.2029,,https://www.transfermarkt.com/assane-diao/profil/spieler/1061282,Assane Diao Diaoune,NA,NA,NA,NA,NA,NA,NA,NA,NA
25.07.2000 (25),"Kansas City, Missouri","1,83 m",United States Italy,Attack - Centre-Forward,right,CAA Base Ltd,Asteras Aktor,26.01.2025,30.06.2027,,https://www.transfermarkt.com/nicholas-gioacchini/profil/spieler/704156,Nicholas Selson Gioacchini,NA,NA,NA,NA,NA,NA,NA,NA,NA
10.07.1994 (31),Jesi,"1,78 m",Italy,Attack - Centre-Forward,right,NA,Como 1907,31.01.2018,30.06.2027,NA,https://www.transfermarkt.com/alessandro-gabrielloni/profil/spieler/311333,NA,NA,NA,17.05.2023,NA,NA,NA,NA,NA,NA
30.07.1997 (28),Sandnes,"1,93 m",Norway,Goalkeeper,left,Golden Sports Mgmt,Watford FC,31.01.2025,30.06.2028,NA,https://www.transfermarkt.com/egil-selvik/profil/spieler/380744,NA,Mizuno,NA,NA,NA,NA,NA,NA,NA,NA
11.03.1999 (26),Amiens,"1,85 m",Cameroon France,Defender - Centre-Back,left,KTM CONSULTING,Hellas Verona,15.07.2025,30.06.2026,,https://www.transfermarkt.com/enzo-ebosse/profil/spieler/342877,Enzo Jacques Rodolphe Ebosse,adidas,Obligation to buy with conditions,NA,NA,Udinese Calcio,30.06.2027,NA,NA,NA
02.08.2002 (23),"Enniscorthy, Wexford","1,80 m",Ireland Nigeria,Defender - Right-Back,right,The Kulture Group,Basaksehir FK,31.01.2025,30.06.2028,,https://www.transfermarkt.com/festy-ebosele/profil/spieler/586756,Festy Oseiwe Ebosele,NA,NA,NA,NA,NA,NA,NA,NA,NA
14.01.2003 (22),Rennes,"1,89 m",France Benin,Midfield - Central Midfield,right,Carmenta,Udinese Calcio,01.07.2025,30.06.2029,NA,https://www.transfermarkt.com/arthur-atta/profil/spieler/855308,NA,NA,NA,NA,NA,NA,NA,NA,NA,NA
04.01.1999 (26),Getxo,"1,75 m",Spain,Midfield - Central Midfield,right,NA,Udinese Calcio,01.07.2023,30.06.2027,,https://www.transfermarkt.com/oier-zarraga/profil/spieler/524010,Oier Zarraga Egaña,NA,NA,NA,NA,NA,NA,NA,NA,NA
14.02.2001 (24),Bruck an der Mur,"1,93 m",Austria,Goalkeeper,right,NGA Sport,FC Rapid 1923,29.01.2025,30.06.2026,NA,https://www.transfermarkt.com/franz-stolz/profil/spieler/462699,Franz Valentin Stolz,NA,NA,17.06.2025,NA,Genoa CFC,30.06.2027,NA,NA,NA
11.12.2006 (18),NA,"1,98 m",Italy,Defender - Centre-Back,right,GR Sports,Dolomiti Bellunesi,11.07.2025,30.06.2026,NA,https://www.transfermarkt.com/matteo-barbini/profil/spieler/1066196,NA,NA,NA,NA,NA,Genoa U20,-,NA,NA,NA
23.02.2008 (17),Aversa,"1,84 m",Italy Nigeria,Defender - Left-Back,left,Agent is known - Player under 18,Atalanta BC,04.07.2025,30.06.2028,NA,https://www.transfermarkt.com/honest-ahanor/profil/spieler/1077175,NA,NA,NA,NA,NA,NA,NA,NA,NA,NA
01.11.2004 (20),Larisa,"1,88 m",Greece,Midfield - Attacking Midfield,left,Elevenelite,Genoa CFC,01.07.2024,30.06.2026,NA,https://www.transfermarkt.com/christos-papadopoulos/profil/spieler/940135,Χρήστος Παπαδόπουλος,NA,NA,NA,NA,NA,NA,NA,NA,NA
13.05.1991 (34),Belo Horizonte,"1,74 m",Brazil Italy,Attack - Right Winger,left,GG11,Genoa CFC,13.01.2024,30.06.2026,,https://www.transfermarkt.com/junior-messias/profil/spieler/449151,Junior Walter Messias,NA,NA,12.07.2025,NA,NA,NA,NA,NA,NA
15.03.2000 (25),Cabeceiras de Basto,"1,78 m",Portugal,Attack - Centre-Forward,right,FIA Football,Genoa CFC,01.07.2024,30.06.2028,,https://www.transfermarkt.com/vitinha/profil/spieler/586853,NA,NA,NA,NA,Vítor Manuel Carvalho Oliveira,NA,NA,NA,NA,NA
22.05.2002 (23),Abuja,"1,91 m",Nigeria,Attack - Centre-Forward,right,R.G Top Sport ...,Genoa CFC,31.01.2024,30.06.2027,NA,https://www.transfermarkt.com/david-ankeye/profil/spieler/881610,David Akpan Ankeye,NA,NA,NA,NA,NA,NA,NA,NA,NA
12.08.1990 (35),Palermo,"1,89 m",Italy Ghana,Attack - Centre-Forward,right,Team Raiola,Without Club,01.07.2025,-,,https://www.transfermarkt.com/mario-balotelli/profil/spieler/45146,Mario Barwuah Balotelli,Puma,NA,NA,NA,NA,NA,NA,NA,NA
21.12.2006 (18),Roma,"1,96 m",Italy,Defender - Centre-Back,right,Excellence Sport,Liverpool FC,15.08.2025,30.06.2031,NA,https://www.transfermarkt.com/giovanni-leoni/profil/spieler/1086619,NA,NA,NA,NA,NA,NA,NA,NA,NA,NA
17.08.2007 (18),Parma,"1,85 m",Italy,Defender - Centre-Back,right,BC Group,Parma Calcio 1913,04.07.2025,30.06.2028,NA,https://www.transfermarkt.com/nicolas-trabucchi/profil/spieler/1119655,NA,NA,NA,04.07.2025,NA,NA,NA,Parma Primavera (#44),NA,NA
26.05.1999 (26),Gonesse,"1,82 m",Mali France,Defender - Right-Back,both,NA,Leicester City,15.01.2025,30.06.2029,NA,https://www.transfermarkt.com/woyo-coulibaly/profil/spieler/592975,NA,NA,NA,NA,NA,NA,NA,NA,NA,NA
10.05.2002 (23),Leuven,"1,80 m",Belgium Guinea,Midfield - Defensive Midfield,right,World in Motion,Parma Calcio 1913,30.08.2024,30.06.2029,,https://www.transfermarkt.com/mandela-keita/profil/spieler/707844,Lamine Mandela Keita,NA,NA,NA,NA,NA,NA,NA,NA,NA
01.02.2007 (18),Fidenza,"1,68 m",Italy,Midfield - Attacking Midfield,right,MM-Management,Parma Calcio 1913,04.07.2025,30.06.2028,NA,https://www.transfermarkt.com/elia-plicco/profil/spieler/1085031,NA,NA,NA,04.07.2025,NA,NA,NA,Parma Primavera (#14),NA,NA
02.02.2000 (25),Finta,"1,80 m",Romania,Attack - Left Winger,right,Becali Sport,Caykur Rizespor,18.07.2025,30.06.2029,,https://www.transfermarkt.com/valentin-mihaila/profil/spieler/535469,Mihai Valentin Mihăilă,NA,NA,NA,NA,NA,NA,NA,NA,NA
17.06.1995 (30),Beauvais,"1,86 m",France,Defender - Centre-Back,left,Wasserman,Atlético de Madrid,09.06.2025,30.06.2028,,https://www.transfermarkt.com/clement-lenglet/profil/spieler/182904,Clément Nicolas Laurent Lenglet,Nike,NA,NA,NA,NA,NA,NA,NA,NA
09.02.2005 (20),La Plata,"1,87 m",Argentina Italy,Defender - Centre-Back,right,Primotempo,Atlético Madrileño,01.07.2024,30.06.2027,NA,https://www.transfermarkt.com/geronimo-spina/profil/spieler/1158985,NA,NA,NA,NA,NA,NA,NA,NA,NA,NA
18.02.2003 (22),Sedaví,"1,80 m",Spain,Defender - Right-Back,right,YOU FIRST,Atlético Madrileño,01.07.2024,30.06.2027,NA,https://www.transfermarkt.com/carlos-gimenez/profil/spieler/856136,Carlos Giménez Bachiller,NA,NA,NA,NA,NA,NA,NA,NA,NA
21.02.2004 (21),Getafe,"1,82 m",Spain,Midfield - Central Midfield,right,Footfeel ISM,Atlético Madrileño,01.07.2022,30.06.2026,NA,https://www.transfermarkt.com/aitor-gismera/profil/spieler/646735,Aitor Gismera Monge,NA,NA,20.05.2022,NA,NA,NA,NA,NA,NA
16.03.2002 (23),Murcia,"1,70 m",Spain Lithuania,Attack - Right Winger,left,NA,Elche CF,03.07.2025,30.06.2027,,https://www.transfermarkt.com/german-valera/profil/spieler/548188,Germán Valera Karabinaite,NA,NA,NA,NA,NA,NA,NA,NA,NA
31.01.2000 (25),Calchín,"1,70 m",Argentina Italy,Attack - Centre-Forward,right,Fernando Hidalgo,Atlético de Madrid,12.08.2024,30.06.2030,,https://www.transfermarkt.com/julian-alvarez/profil/spieler/576024,Julián Álvarez,adidas,NA,NA,NA,NA,NA,NA,NA,NA
01.09.2003 (21),Zarautz,"1,90 m",Mexico Spain,Goalkeeper,right,Wasserman,Athletic Bilbao,01.07.2024,30.06.2029,NA,https://www.transfermarkt.com/alex-padilla/profil/spieler/834483,Alejandro Padilla Pérez,NA,NA,03.01.2025,NA,NA,NA,NA,NA,NA
24.01.1995 (30),Barakaldo,"1,82 m",Spain,Defender - Centre-Back,right,NA,Athletic Bilbao,01.07.2016,30.06.2026,,https://www.transfermarkt.com/yeray-alvarez/profil/spieler/255488,Yeray Álvarez López,NA,NA,18.07.2019,NA,NA,NA,NA,NA,NA
19.03.2002 (23),Durango,"1,86 m",Spain,Defender - Centre-Back,right,Global Ases,Athletic Bilbao,01.07.2024,30.06.2028,NA,https://www.transfermarkt.com/unai-egiluz/profil/spieler/834485,Unai Egiluz Arroyo,NA,NA,09.07.2025,NA,NA,NA,NA,NA,NA
04.07.1995 (30),Barañain,"1,75 m",Spain,Attack - Left Winger,right,YOU FIRST,Athletic Bilbao,02.10.2020,30.06.2027,,https://www.transfermarkt.com/alex-berenguer/profil/spieler/338425,Alejandro Berenguer Remiro,NA,NA,07.07.2024,NA,NA,NA,NA,NA,NA
16.01.2003 (22),Barakaldo,"1,70 m",Spain,Attack - Right Winger,left,NA,Bilbao Athletic,01.07.2024,30.06.2026,NA,https://www.transfermarkt.com/endika-bujan/profil/spieler/1120228,Endika Buján de Rueda,NA,NA,NA,NA,NA,NA,NA,NA,NA
07.02.1994 (31),Maia,"1,91 m",Portugal,Goalkeeper,left,Team of Future,Sporting CP,01.07.2025,30.06.2028,,https://www.transfermarkt.com/rui-silva/profil/spieler/234811,Rui Tiago Dantas da Silva,NA,NA,NA,NA,NA,NA,NA,NA,NA
28.03.2001 (24),Lisboa,"1,91 m",Portugal,Goalkeeper,right,YOU FIRST,Real Valladolid CF,09.07.2025,30.06.2026,NA,https://www.transfermarkt.com/guilherme-fernandes/profil/spieler/567504,Guilherme Sousa Carvalho Fernandes,NA,Option to buy,NA,NA,Real Betis Balompié,30.06.2027,NA,NA,NA
25.08.1992 (33),Zürich,"1,82 m",Switzerland Chile,Defender - Left-Back,left,Relatives,Real Betis Balompié,05.08.2024,30.06.2026,,https://www.transfermarkt.com/ricardo-rodriguez/profil/spieler/86784,Ricardo Iván Rodríguez Araya,Nike,NA,NA,NA,NA,NA,NA,NA,NA
27.04.2003 (22),NA,"1,75 m",Spain,Midfield - Defensive Midfield,right,Phsport,CD Leganés,01.07.2025,30.06.2026,NA,https://www.transfermarkt.com/carlos-guirao/profil/spieler/1054429,Carlos Guirao Mora,NA,NA,NA,NA,NA,NA,NA,NA,NA
07.04.2004 (21),Valencina de la Concepción,"1,78 m",Spain,Midfield - Central Midfield,left,GLOBAL GOAL,FC Arouca,26.07.2025,30.06.2026,NA,https://www.transfermarkt.com/mateo-flores/profil/spieler/1061283,Mateo Flores Lozano,NA,Obligation to buy with conditions,NA,NA,Real Betis Balompié,30.06.2029,NA,NA,NA
18.07.1993 (32),Lyon,"1,73 m",France Algeria,Midfield - Attacking Midfield,left,TKA,Al-Jazira Club,30.08.2024,30.06.2026,,https://www.transfermarkt.com/nabil-fekir/profil/spieler/203496,نبيل فقير,Puma,NA,NA,NA,NA,NA,NA,NA,NA
10.08.2004 (21),Sevilla,"1,76 m",Spain,Midfield - Attacking Midfield,right,380amk,Betis Deportivo Balompié,01.07.2023,30.06.2026,NA,https://www.transfermarkt.com/carlos-reina/profil/spieler/1061281,Carlos Reina Luengo,NA,NA,NA,NA,NA,NA,NA,NA,NA
15.02.2005 (20),Valencia,"1,87 m",Spain,Goalkeeper,right,NA,Valencia Mestalla,01.07.2024,30.06.2029,NA,https://www.transfermarkt.com/vicent-abril/profil/spieler/741251,Vicent Abril Sanz,NA,NA,23.07.2025,NA,NA,NA,NA,NA,NA
26.02.2002 (23),Aldaia,"1,94 m",Spain,Defender - Centre-Back,right,Wasserman,Valencia CF,18.01.2024,30.06.2030,NA,https://www.transfermarkt.com/cesar-tarrega/profil/spieler/707274,César Tárrega Requeni,NA,NA,09.08.2025,NA,NA,NA,NA,NA,NA
12.05.2003 (22),Madrid,"1,86 m",Spain,Defender - Left-Back,left,Manuel García Quilón,SD Huesca,01.07.2025,30.06.2028,NA,https://www.transfermarkt.com/ro-abajas/profil/spieler/949116,Rodrigo Abajas Martín,NA,NA,NA,NA,NA,NA,NA,NA,NA
04.01.2000 (25),London,"1,77 m",England Jamaica,Defender - Right-Back,right,ROOF,Rangers FC,01.07.2025,30.06.2026,,https://www.transfermarkt.com/max-aarons/profil/spieler/471690,Maximilian James Aarons,adidas,NA,NA,NA,AFC Bournemouth,30.06.2029,NA,NA,NA
12.04.2004 (21),Villamarchante,"1,65 m",Spain,Midfield - Attacking Midfield,right,AS1,CS Marítimo,15.07.2025,30.06.2027,NA,https://www.transfermarkt.com/martin-tejon/profil/spieler/941883,Martín Tejón Fauli,NA,NA,NA,NA,NA,NA,NA,NA,NA
16.10.1993 (31),Sevilla,"1,76 m",Spain,Attack - Left Winger,left,AS1,Valencia CF,22.08.2024,30.06.2026,,https://www.transfermarkt.com/luis-rioja/profil/spieler/278837,Luis Jesús Rioja González,NA,NA,NA,NA,NA,NA,NA,NA,NA
16.10.2007 (17),Valencia,"1,80 m",Spain Nigeria,Attack - Right Winger,right,NA,Valencia Mestalla,01.01.2024,30.06.2026,NA,https://www.transfermarkt.com/david-otorbi/profil/spieler/1009766,David Otorbi Ejededawe,NA,NA,NA,NA,NA,NA,NA,NA,NA
18.06.2004 (21),Leganés,NA,Spain,Goalkeeper,NA,MSSports,CE Europa,22.07.2025,30.06.2026,NA,https://www.transfermarkt.com/lucas-garcia/profil/spieler/1061650,Lucas García Madrigal,NA,NA,NA,NA,NA,NA,NA,NA,NA
15.06.2007 (18),NA,NA,Spain,Goalkeeper,NA,NA,CF Damm U19,01.07.2025,-,NA,https://www.transfermarkt.com/pau-funallet/profil/spieler/1319442,Pau Funallet Garcia,NA,NA,NA,NA,NA,NA,FC Girona UEFA U19,NA,NA
30.04.1991 (34),Las Palmas de Gran Canaria,"1,90 m",Spain,Defender - Centre-Back,right,DRL,Atlético de San Luis,03.07.2025,31.05.2027,NA,https://www.transfermarkt.com/juanpe/profil/spieler/115333,NA,NA,NA,NA,Juan Pedro Ramírez López,NA,NA,NA,NA,NA
01.08.2002 (23),Zaragoza,"1,82 m",Spain,Defender - Right-Back,right,LA PLAYERS,Girona FC,26.07.2024,30.06.2029,,https://www.transfermarkt.com/alejandro-frances/profil/spieler/632896,Alejandro Francés Torrijo,NA,NA,NA,NA,NA,NA,NA,NA,NA
03.10.2004 (20),Guacarí,"1,86 m",Colombia,Midfield - Central Midfield,right,Jose Levis Manager,Girona FC,01.09.2023,30.06.2028,,https://www.transfermarkt.com/jhon-solis/profil/spieler/742521,Jhon Elmer Solís Romero,Nike,NA,NA,NA,NA,NA,NA,NA,NA
18.07.2005 (20),Amsterdam,"1,73 m",Netherlands Ghana,Midfield - Attacking Midfield,right,Gol International,Aris Thessaloniki,21.07.2025,30.06.2026,,https://www.transfermarkt.com/gabriel-misehouy/profil/spieler/646698,Gabriel Osei Misehouy,NA,NA,NA,NA,Girona FC,30.06.2028,NA,NA,NA
27.06.2006 (19),Calviá,"1,75 m",Venezuela Spain,Attack - Left Winger,right,SM & Partner,Girona FC B,01.07.2025,30.06.2028,,https://www.transfermarkt.com/juan-arango/profil/spieler/1025582,Juan Fernando Arango Tortolero,Puma,NA,NA,NA,NA,NA,NA,NA,NA
15.01.2004 (21),Lleida,"1,80 m",Portugal Spain,Attack - Left Winger,right,Goal Management,FC Andorra,08.08.2025,30.06.2026,NA,https://www.transfermarkt.com/jastin-garcia/profil/spieler/1061665,Antonino Jastin Garcia López,NA,NA,NA,NA,Girona FC,30.06.2027,NA,NA,NA
12.10.1986 (38),Tala,"1,84 m",Uruguay Italy,Attack - Centre-Forward,right,no agent,Girona FC,21.07.2017,30.06.2026,,https://www.transfermarkt.com/cristhian-stuani/profil/spieler/59323,Cristhian Ricardo Stuani Curbelo,NA,NA,30.06.2025,NA,NA,NA,NA,NA,NA
14.09.1995 (29),Boecillo (Valladolid),"1,84 m",Spain,Defender - Centre-Back,right,MRH Football Agency,RCD Espanyol Barcelona,09.08.2019,30.06.2026,,https://www.transfermarkt.com/fernando-calero/profil/spieler/357884,Fernando Calero Villa,adidas,NA,NA,NA,NA,NA,NA,NA,NA
16.08.2004 (21),Palma de Mallorca,"1,88 m",Spain,Defender - Centre-Back,right,Wasserman,RCD Espanyol B,01.07.2023,30.06.2026,NA,https://www.transfermarkt.com/jose-luis-catala/profil/spieler/1060821,José Luis Català Vázquez,NA,NA,NA,NA,NA,NA,NA,NA,NA
30.06.2001 (24),Palma de Mallorca,"1,84 m",Spain,Defender - Centre-Back,right,MagicPlayers,RCD Espanyol Barcelona,03.01.2025,30.06.2028,,https://www.transfermarkt.com/pablo-ramon/profil/spieler/629511,Pablo Ramón Parra,NA,NA,NA,NA,NA,NA,NA,NA,NA
01.04.1994 (31),Barcelona,"1,75 m",Spain,Defender - Left-Back,left,AS1,Without Club,01.07.2025,-,,https://www.transfermarkt.com/brian-olivan/profil/spieler/166677,Brian Oliván Herrero,NA,NA,NA,NA,NA,NA,NA,NA,NA
20.07.1996 (29),Madrid,"1,74 m",Spain,Defender - Right-Back,both,CAA Base Ltd,Aris Thessaloniki,14.07.2025,30.06.2027,,https://www.transfermarkt.com/alvaro-tejero/profil/spieler/290273,Álvaro Tejero Sacristán,Nike,NA,NA,NA,NA,NA,NA,NA,NA
01.05.1996 (29),Jaén,"1,75 m",Spain,Midfield - Central Midfield,right,YOU FIRST,Without Club,01.07.2025,-,,https://www.transfermarkt.com/alvaro-aguado/profil/spieler/449496,Álvaro Aguado Méndez,adidas,NA,NA,NA,NA,NA,NA,NA,NA
08.11.2003 (21),NA,"1,86 m",Spain,Attack - Left Winger,left,TRIPLE MATCH,RCD Espanyol B,19.07.2024,30.06.2026,NA,https://www.transfermarkt.com/alex-almansa/profil/spieler/946269,Alex Almansa López,NA,NA,NA,NA,NA,NA,NA,NA,NA
26.05.2003 (22),Miranda de Ebro,NA,Spain,Defender - Left-Back,NA,InterStarDeporte,Villarreal CF B,01.07.2025,30.06.2027,NA,https://www.transfermarkt.com/eneko-ortiz/profil/spieler/892217,Eneko Ortiz Díaz,NA,NA,NA,NA,NA,NA,NA,NA,NA
06.07.1994 (31),Regencós,"1,85 m",Spain,Midfield - Central Midfield,right,LEADERBROCK,Sevilla FC,01.07.2019,30.06.2027,,https://www.transfermarkt.com/joan-jordan/profil/spieler/263727,Joan Jordán Moreno,NA,NA,27.01.2022,NA,NA,NA,NA,NA,NA
11.08.1998 (27),Blida,"1,76 m",Algeria Spain,Attack - Left Winger,right,Emartsoccer,Deportivo Alavés,01.07.2022,30.06.2028,NA,https://www.transfermarkt.com/abde-rebbach/profil/spieler/718034,"عبد الرحمن ريباخ , Abderrahman Rebbach",NA,NA,NA,NA,NA,NA,NA,NA,NA
18.11.2004 (20),Victoria de Durango,"1,69 m",Argentina Spain,Attack - Right Winger,left,LIAN Sports Group,CD Cruz Azul,18.01.2025,30.06.2030,,https://www.transfermarkt.com/luka-romero/profil/spieler/769063,Luka Romero Bezzana,Nike,NA,NA,NA,NA,NA,NA,NA,NA
05.11.1993 (31),San Roque,"1,78 m",Spain,Attack - Second Striker,right,AS1,Granada CF,25.01.2025,30.06.2027,,https://www.transfermarkt.com/stoichkov/profil/spieler/271021,NA,NA,NA,NA,Juan Diego Molina Martínez,NA,NA,NA,NA,NA
17.11.2006 (18),NA,NA,Czech Republic Serbia,Goalkeeper,NA,Soccersport,Getafe CF B,01.07.2025,-,NA,https://www.transfermarkt.com/djordjije-medenica/profil/spieler/1130318,NA,NA,NA,NA,NA,NA,NA,NA,NA,NA
23.08.2002 (23),Paris,"1,92 m",Morocco France,Defender - Centre-Back,right,INSUA GROUP,FC Sochi,08.02.2025,30.06.2028,NA,https://www.transfermarkt.com/nabil-aberdin/profil/spieler/908621,نبيل أبردين,NA,NA,NA,NA,NA,NA,NA,NA,NA
04.02.2003 (22),NA,NA,Spain,Defender - Centre-Back,NA,NA,Getafe CF B,02.02.2024,30.06.2026,NA,https://www.transfermarkt.com/guillem-trilla/profil/spieler/1216529,Guillem Trilla Cortiñas,NA,NA,NA,NA,NA,NA,NA,NA,NA
01.08.2004 (21),Leganés,NA,Spain,Defender - Left-Back,left,LIAN Sports Group,Getafe CF B,01.07.2021,30.06.2029,NA,https://www.transfermarkt.com/gorka-rivera/profil/spieler/1000136,Gorka Rivera Alonso,NA,NA,NA,NA,NA,NA,NA,NA,NA
19.05.2003 (22),Owerri,"1,90 m",Nigeria,Midfield - Attacking Midfield,both,PINTEX SPORTS AGENCY,Getafe CF,01.07.2024,30.06.2028,,https://www.transfermarkt.com/christantus-uche/profil/spieler/1124005,Christantus Ugonna Uche Uche,NA,club option 1 year,NA,NA,NA,NA,NA,NA,NA
09.06.1999 (26),Donostia-San Sebastián,"1,78 m",Spain,Attack - Right Winger,right,LEADERBROCK,Getafe CF,15.07.2024,30.06.2027,,https://www.transfermarkt.com/alex-sola/profil/spieler/434990,Alejandro Sola López-Ocaña,adidas,NA,NA,NA,NA,NA,NA,NA,NA
12.07.2002 (23),Istanbul,"1,91 m",Türkiye,Attack - Centre-Forward,right,FutureBall,Stade Rennais FC,29.08.2023,30.06.2028,,https://www.transfermarkt.com/bertug-yildirim/profil/spieler/672803,Bertuğ Özgür Yıldırım,NA,NA,NA,NA,NA,NA,NA,NA,NA
27.04.2003 (22),Vic,"1,90 m",Spain,Goalkeeper,NA,TACTIC GRUP - ...,Cultural Leonesa,07.07.2025,30.06.2026,,https://www.transfermarkt.com/arnau-rafus/profil/spieler/636686,Arnau Rafús Aulet,NA,NA,NA,NA,NA,NA,NA,NA,NA
14.03.1997 (28),Getafe,"1,89 m",Spain,Defender - Centre-Back,right,LEADERBROCK,Real Valladolid CF,01.07.2020,30.06.2026,,https://www.transfermarkt.com/javi-sanchez/profil/spieler/340853,Javier Sánchez de Felipe,NA,NA,26.09.2022,NA,NA,NA,NA,NA,NA
16.03.2005 (20),Pedrajas de San Esteban,NA,Spain,Defender - Right-Back,right,NA,Real Valladolid Promesas,01.07.2022,30.06.2026,,https://www.transfermarkt.com/koke-iglesias/profil/spieler/895333,Jorge Iglesias González,NA,NA,11.01.2024,NA,NA,NA,NA,NA,NA
07.08.1995 (30),Neunkirchen,"1,87 m",Austria,Midfield - Defensive Midfield,right,YOU FIRST,TSG 1899 Hoffenheim,01.07.2023,30.06.2026,,https://www.transfermarkt.com/florian-grillitsch/profil/spieler/195736,NA,adidas,NA,NA,NA,NA,NA,NA,NA,NA
14.02.1997 (28),Toledo,"1,84 m",Spain,Midfield - Central Midfield,left,LEADERBROCK,Venezia FC,29.01.2025,30.06.2027,,https://www.transfermarkt.com/kike-perez/profil/spieler/527698,Enrique Pérez Muñoz,NA,NA,NA,NA,NA,NA,NA,NA,NA
05.12.2002 (22),Abrera,"1,69 m",Spain,Attack - Left Winger,right,YOU FIRST,Ajax Amsterdam,15.07.2025,30.06.2030,,https://www.transfermarkt.com/raul-moro/profil/spieler/624942,Raúl Moro Prescoli,NA,NA,NA,NA,NA,NA,NA,NA,NA
16.07.1996 (29),Dakar,"1,73 m",Senegal Spain,Attack - Right Winger,right,EF11 SL,Real Valladolid CF,01.07.2024,30.06.2027,,https://www.transfermarkt.com/amath-ndiaye/profil/spieler/339820,Amath Ndiaye Diedhiou,NA,NA,NA,NA,NA,NA,NA,NA,NA
17.11.1996 (28),Santa Cruz de Tenerife,"1,88 m",Spain,Defender - Centre-Back,right,RR-Soccer ...,CD Leganés,17.07.2023,30.06.2026,,https://www.transfermarkt.com/jorge-saenz/profil/spieler/340339,Jorge Sáenz de Miera Colmeiro,NA,NA,NA,NA,NA,NA,NA,NA,NA
02.05.1998 (27),Jerez de la Frontera,"1,80 m",Spain,Defender - Left-Back,left,NA,Al-Arabi SC,05.08.2025,30.06.2026,NA,https://www.transfermarkt.com/javi-hernandez/profil/spieler/422466,Javier Hernández Carrera,NA,Option to buy,NA,NA,CD Leganés,30.06.2027,NA,NA,NA
14.09.2002 (22),Madrid,"1,69 m",Spain,Defender - Left-Back,left,NA,CD Leganés B,04.07.2024,30.06.2025,NA,https://www.transfermarkt.com/iker-bachiller/profil/spieler/618805,Iker Bachiller Vega,NA,NA,NA,NA,NA,NA,NA,NA,NA
24.04.2000 (25),Zaragoza,"1,79 m",Spain,Midfield - Attacking Midfield,left,NA,CD Leganés,10.07.2024,30.06.2027,NA,https://www.transfermarkt.com/roberto-lopez/profil/spieler/569866,Roberto López Alcaide,NA,NA,NA,NA,NA,NA,NA,NA,NA
14.11.2006 (18),Abidjan,"1,80 m",Cote d'Ivoire,Attack - Left Winger,right,Maxidel Management,RB Leipzig,16.07.2025,30.06.2030,NA,https://www.transfermarkt.com/yan-diomande/profil/spieler/1390649,NA,NA,NA,NA,NA,NA,NA,NA,NA,NA
11.06.2002 (23),Madrid,"1,80 m",Spain,Attack - Right Winger,left,CAA Stellar,CD Leganés,01.07.2021,30.06.2027,,https://www.transfermarkt.com/naim-garcia/profil/spieler/715683,Naim García García,NA,NA,07.12.2021,NA,NA,NA,NA,NA,NA
